stream,month,day,cutoff
battle creek,10,1,75
battle creek,10,2,75
battle creek,10,3,75
battle creek,10,4,75
battle creek,10,5,75
battle creek,10,6,75
battle creek,10,7,75
battle creek,10,8,75
battle creek,10,9,75
battle creek,10,10,75
battle creek,10,11,75
battle creek,10,12,75
battle creek,10,13,75
battle creek,10,14,75
battle creek,10,15,75
battle creek,10,16,75
battle creek,10,17,75
battle creek,10,18,75
battle creek,10,19,75
battle creek,10,20,75
battle creek,10,21,75
battle creek,10,22,75
battle creek,10,23,75
battle creek,10,24,75
battle creek,10,25,75
battle creek,10,26,75
battle creek,10,27,75
battle creek,10,28,75
battle creek,10,29,75
battle creek,10,30,75
battle creek,10,31,75
battle creek,11,1,75
battle creek,11,2,75
battle creek,11,3,75
battle creek,11,4,75
battle creek,11,5,75
battle creek,11,6,75
battle creek,11,7,75
battle creek,11,8,75
battle creek,11,9,75
battle creek,11,10,75
battle creek,11,11,75
battle creek,11,12,75
battle creek,11,13,75
battle creek,11,14,75
battle creek,11,15,75
battle creek,11,16,75
battle creek,11,17,75
battle creek,11,18,75
battle creek,11,19,75
battle creek,11,20,75
battle creek,11,21,75
battle creek,11,22,75
battle creek,11,23,75
battle creek,11,24,75
battle creek,11,25,75
battle creek,11,26,75
battle creek,11,27,75
battle creek,11,28,75
battle creek,11,29,75
battle creek,11,30,75
battle creek,12,1,75
battle creek,12,2,75
battle creek,12,3,75
battle creek,12,4,75
battle creek,12,5,75
battle creek,12,6,75
battle creek,12,7,75
battle creek,12,8,75
battle creek,12,9,75
battle creek,12,10,75
battle creek,12,11,75
battle creek,12,12,75
battle creek,12,13,75
battle creek,12,14,75
battle creek,12,15,75
battle creek,12,16,75
battle creek,12,17,75
battle creek,12,18,75
battle creek,12,19,75
battle creek,12,20,75
battle creek,12,21,75
battle creek,12,22,75
battle creek,12,23,75
battle creek,12,24,75
battle creek,12,25,75
battle creek,12,26,75
battle creek,12,27,75
battle creek,12,28,75
battle creek,12,29,75
battle creek,12,30,75
battle creek,12,31,75
battle creek,1,1,75
battle creek,1,2,75
battle creek,1,3,75
battle creek,1,4,75
battle creek,1,5,75
battle creek,1,6,75
battle creek,1,7,75
battle creek,1,8,75
battle creek,1,9,76.43
battle creek,1,10,77.86
battle creek,1,11,79.29
battle creek,1,12,80.71
battle creek,1,13,82.14
battle creek,1,14,83.57
battle creek,1,15,85
battle creek,1,16,87.14
battle creek,1,17,89.29
battle creek,1,18,91.43
battle creek,1,19,93.57
battle creek,1,20,95.71
battle creek,1,21,97.86
battle creek,1,22,100
battle creek,1,23,100
battle creek,1,24,100
battle creek,1,25,100
battle creek,1,26,100
battle creek,1,27,100
battle creek,1,28,100
battle creek,1,29,100
battle creek,1,30,101.43
battle creek,1,31,102.86
battle creek,2,1,104.29
battle creek,2,2,105.71
battle creek,2,3,107.14
battle creek,2,4,108.57
battle creek,2,5,110
battle creek,2,6,111.43
battle creek,2,7,112.86
battle creek,2,8,114.29
battle creek,2,9,115.71
battle creek,2,10,117.14
battle creek,2,11,118.57
battle creek,2,12,120
battle creek,2,13,121.43
battle creek,2,14,122.86
battle creek,2,15,124.29
battle creek,2,16,125.71
battle creek,2,17,127.14
battle creek,2,18,128.57
battle creek,2,19,130
battle creek,2,20,130
battle creek,2,21,130
battle creek,2,22,130
battle creek,2,23,130
battle creek,2,24,130
battle creek,2,25,130
battle creek,2,26,130
battle creek,2,27,130
battle creek,2,28,130
battle creek,2,29,130
battle creek,3,1,130
battle creek,3,2,130
battle creek,3,3,130
battle creek,3,4,130
battle creek,3,5,130
battle creek,3,6,130
battle creek,3,7,130
battle creek,3,8,130
battle creek,3,9,130
battle creek,3,10,130
battle creek,3,11,130
battle creek,3,12,130
battle creek,3,13,130
battle creek,3,14,130
battle creek,3,15,130
battle creek,3,16,130
battle creek,3,17,130
battle creek,3,18,130
battle creek,3,19,130
battle creek,3,20,130
battle creek,3,21,130
battle creek,3,22,130
battle creek,3,23,130
battle creek,3,24,130
battle creek,3,25,130
battle creek,3,26,130
battle creek,3,27,130
battle creek,3,28,130
battle creek,3,29,130
battle creek,3,30,130
battle creek,3,31,130
battle creek,4,1,130
battle creek,4,2,130
battle creek,4,3,130
battle creek,4,4,130
battle creek,4,5,130
battle creek,4,6,130
battle creek,4,7,130
battle creek,4,8,130
battle creek,4,9,130
battle creek,4,10,130
battle creek,4,11,130
battle creek,4,12,130
battle creek,4,13,130
battle creek,4,14,130
battle creek,4,15,130
battle creek,4,16,130
battle creek,4,17,130
battle creek,4,18,130
battle creek,4,19,130
battle creek,4,20,130
battle creek,4,21,130
battle creek,4,22,130
battle creek,4,23,130
battle creek,4,24,130
battle creek,4,25,130
battle creek,4,26,130
battle creek,4,27,130
battle creek,4,28,130
battle creek,4,29,130
battle creek,4,30,130
battle creek,5,1,130
battle creek,5,2,130
battle creek,5,3,130
battle creek,5,4,130
battle creek,5,5,130
battle creek,5,6,130
battle creek,5,7,130
battle creek,5,8,130
battle creek,5,9,130
battle creek,5,10,130
battle creek,5,11,130
battle creek,5,12,130
battle creek,5,13,130
battle creek,5,14,130
battle creek,5,15,130
battle creek,5,16,130
battle creek,5,17,130
battle creek,5,18,130
battle creek,5,19,130
battle creek,5,20,130
battle creek,5,21,130
battle creek,5,22,130
battle creek,5,23,130
battle creek,5,24,130
battle creek,5,25,130
battle creek,5,26,130
battle creek,5,27,130
battle creek,5,28,130
battle creek,5,29,130
battle creek,5,30,130
battle creek,5,31,130
battle creek,6,1,130
battle creek,6,2,130
battle creek,6,3,130
battle creek,6,4,130
battle creek,6,5,130
battle creek,6,6,130
battle creek,6,7,130
battle creek,6,8,130
battle creek,6,9,130
battle creek,6,10,130
battle creek,6,11,130
battle creek,6,12,130
battle creek,6,13,130
battle creek,6,14,130
battle creek,6,15,130
battle creek,6,16,130
battle creek,6,17,130
battle creek,6,18,130
battle creek,6,19,130
battle creek,6,20,130
battle creek,6,21,130
battle creek,6,22,130
battle creek,6,23,130
battle creek,6,24,130
battle creek,6,25,130
battle creek,6,26,130
battle creek,6,27,130
battle creek,6,28,130
battle creek,6,29,130
battle creek,6,30,130
battle creek,7,1,130
battle creek,7,2,130
battle creek,7,3,130
battle creek,7,4,130
battle creek,7,5,130
battle creek,7,6,130
battle creek,7,7,130
battle creek,7,8,130
battle creek,7,9,130
battle creek,7,10,130
battle creek,7,11,130
battle creek,7,12,130
battle creek,7,13,130
battle creek,7,14,130
battle creek,7,15,130
battle creek,7,16,130
battle creek,7,17,130
battle creek,7,18,130
battle creek,7,19,130
battle creek,7,20,130
battle creek,7,21,130
battle creek,7,22,130
battle creek,7,23,130
battle creek,7,24,130
battle creek,7,25,130
battle creek,7,26,130
battle creek,7,27,130
battle creek,7,28,130
battle creek,7,29,130
battle creek,7,30,130
battle creek,7,31,130
battle creek,8,1,130
battle creek,8,2,130
battle creek,8,3,130
battle creek,8,4,130
battle creek,8,5,130
battle creek,8,6,130
battle creek,8,7,130
battle creek,8,8,130
battle creek,8,9,130
battle creek,8,10,130
battle creek,8,11,130
battle creek,8,12,130
battle creek,8,13,130
battle creek,8,14,130
battle creek,8,15,130
battle creek,8,16,130
battle creek,8,17,130
battle creek,8,18,130
battle creek,8,19,130
battle creek,8,20,130
battle creek,8,21,130
battle creek,8,22,130
battle creek,8,23,130
battle creek,8,24,130
battle creek,8,25,130
battle creek,8,26,130
battle creek,8,27,130
battle creek,8,28,130
battle creek,8,29,130
battle creek,8,30,130
battle creek,8,31,130
battle creek,9,1,130
battle creek,9,2,130
battle creek,9,3,130
battle creek,9,4,130
battle creek,9,5,130
battle creek,9,6,130
battle creek,9,7,130
battle creek,9,8,130
battle creek,9,9,130
battle creek,9,10,130
battle creek,9,11,130
battle creek,9,12,130
battle creek,9,13,130
battle creek,9,14,130
battle creek,9,15,130
battle creek,9,16,130
battle creek,9,17,130
battle creek,9,18,130
battle creek,9,19,130
battle creek,9,20,130
battle creek,9,21,130
battle creek,9,22,130
battle creek,9,23,130
battle creek,9,24,130
battle creek,9,25,130
battle creek,9,26,130
battle creek,9,27,130
battle creek,9,28,130
battle creek,9,29,130
battle creek,9,30,130
butte creek,10,1,50
butte creek,10,2,50
butte creek,10,3,50
butte creek,10,4,50
butte creek,10,5,50
butte creek,10,6,50
butte creek,10,7,50
butte creek,10,8,50
butte creek,10,9,50
butte creek,10,10,50
butte creek,10,11,50
butte creek,10,12,50
butte creek,10,13,50
butte creek,10,14,50
butte creek,10,15,50
butte creek,10,16,50
butte creek,10,17,50
butte creek,10,18,50
butte creek,10,19,50
butte creek,10,20,50
butte creek,10,21,50
butte creek,10,22,50
butte creek,10,23,50
butte creek,10,24,50
butte creek,10,25,50
butte creek,10,26,50
butte creek,10,27,50
butte creek,10,28,50
butte creek,10,29,50
butte creek,10,30,50
butte creek,10,31,50
butte creek,11,1,50
butte creek,11,2,50
butte creek,11,3,50
butte creek,11,4,50
butte creek,11,5,50
butte creek,11,6,50
butte creek,11,7,50
butte creek,11,8,50
butte creek,11,9,50
butte creek,11,10,50
butte creek,11,11,50
butte creek,11,12,50
butte creek,11,13,50
butte creek,11,14,50
butte creek,11,15,50
butte creek,11,16,50
butte creek,11,17,50
butte creek,11,18,50
butte creek,11,19,50
butte creek,11,20,50
butte creek,11,21,50
butte creek,11,22,50
butte creek,11,23,50
butte creek,11,24,50
butte creek,11,25,50
butte creek,11,26,50
butte creek,11,27,50
butte creek,11,28,50
butte creek,11,29,50
butte creek,11,30,50
butte creek,12,1,50
butte creek,12,2,50
butte creek,12,3,50
butte creek,12,4,50
butte creek,12,5,50
butte creek,12,6,50
butte creek,12,7,50
butte creek,12,8,50
butte creek,12,9,50
butte creek,12,10,50
butte creek,12,11,50
butte creek,12,12,50
butte creek,12,13,50
butte creek,12,14,50
butte creek,12,15,50
butte creek,12,16,50
butte creek,12,17,51.43
butte creek,12,18,52.86
butte creek,12,19,54.29
butte creek,12,20,55.71
butte creek,12,21,57.14
butte creek,12,22,58.57
butte creek,12,23,60
butte creek,12,24,60
butte creek,12,25,60
butte creek,12,26,60
butte creek,12,27,60
butte creek,12,28,60
butte creek,12,29,60
butte creek,12,30,60
butte creek,12,31,60
butte creek,1,1,60
butte creek,1,2,60
butte creek,1,3,60
butte creek,1,4,60
butte creek,1,5,60
butte creek,1,6,60
butte creek,1,7,60
butte creek,1,8,60
butte creek,1,9,60
butte creek,1,10,60
butte creek,1,11,60
butte creek,1,12,60
butte creek,1,13,60
butte creek,1,14,60
butte creek,1,15,60
butte creek,1,16,60
butte creek,1,17,60
butte creek,1,18,60
butte creek,1,19,60
butte creek,1,20,60
butte creek,1,21,60
butte creek,1,22,60
butte creek,1,23,62.14
butte creek,1,24,64.29
butte creek,1,25,66.43
butte creek,1,26,68.57
butte creek,1,27,70.71
butte creek,1,28,72.86
butte creek,1,29,75
butte creek,1,30,75
butte creek,1,31,75
butte creek,2,1,75
butte creek,2,2,75
butte creek,2,3,75
butte creek,2,4,75
butte creek,2,5,75
butte creek,2,6,75
butte creek,2,7,75
butte creek,2,8,75
butte creek,2,9,75
butte creek,2,10,75
butte creek,2,11,75
butte creek,2,12,75
butte creek,2,13,75
butte creek,2,14,75
butte creek,2,15,75
butte creek,2,16,75
butte creek,2,17,75
butte creek,2,18,75
butte creek,2,19,75
butte creek,2,20,75
butte creek,2,21,75
butte creek,2,22,75
butte creek,2,23,75
butte creek,2,24,75
butte creek,2,25,75
butte creek,2,26,75
butte creek,2,27,77.14
butte creek,2,28,79.29
butte creek,2,29,81.43
butte creek,3,1,83.57
butte creek,3,2,85.71
butte creek,3,3,87.86
butte creek,3,4,90
butte creek,3,5,90.71
butte creek,3,6,91.43
butte creek,3,7,92.14
butte creek,3,8,92.86
butte creek,3,9,93.57
butte creek,3,10,94.29
butte creek,3,11,95
butte creek,3,12,95.29
butte creek,3,13,95.57
butte creek,3,14,95.86
butte creek,3,15,96.14
butte creek,3,16,96.43
butte creek,3,17,96.71
butte creek,3,18,97
butte creek,3,19,97.71
butte creek,3,20,98.43
butte creek,3,21,99.14
butte creek,3,22,99.86
butte creek,3,23,100.57
butte creek,3,24,101.29
butte creek,3,25,102
butte creek,3,26,103.14
butte creek,3,27,104.29
butte creek,3,28,105.43
butte creek,3,29,106.57
butte creek,3,30,107.71
butte creek,3,31,108.86
butte creek,4,1,110
butte creek,4,2,110.71
butte creek,4,3,111.43
butte creek,4,4,112.14
butte creek,4,5,112.86
butte creek,4,6,113.57
butte creek,4,7,114.29
butte creek,4,8,115
butte creek,4,9,115
butte creek,4,10,115
butte creek,4,11,115
butte creek,4,12,115
butte creek,4,13,115
butte creek,4,14,115
butte creek,4,15,115
butte creek,4,16,115
butte creek,4,17,115
butte creek,4,18,115
butte creek,4,19,115
butte creek,4,20,115
butte creek,4,21,115
butte creek,4,22,115
butte creek,4,23,116.43
butte creek,4,24,117.86
butte creek,4,25,119.29
butte creek,4,26,120.71
butte creek,4,27,122.14
butte creek,4,28,123.57
butte creek,4,29,125
butte creek,4,30,125.71
butte creek,5,1,126.43
butte creek,5,2,127.14
butte creek,5,3,127.86
butte creek,5,4,128.57
butte creek,5,5,129.29
butte creek,5,6,130
butte creek,5,7,130
butte creek,5,8,130
butte creek,5,9,130
butte creek,5,10,130
butte creek,5,11,130
butte creek,5,12,130
butte creek,5,13,130
butte creek,5,14,131.43
butte creek,5,15,132.86
butte creek,5,16,134.29
butte creek,5,17,135.71
butte creek,5,18,137.14
butte creek,5,19,138.57
butte creek,5,20,140
butte creek,5,21,141.43
butte creek,5,22,142.86
butte creek,5,23,144.29
butte creek,5,24,145.71
butte creek,5,25,147.14
butte creek,5,26,148.57
butte creek,5,27,150
butte creek,5,28,150
butte creek,5,29,150
butte creek,5,30,150
butte creek,5,31,150
butte creek,6,1,150
butte creek,6,2,150
butte creek,6,3,150
butte creek,6,4,150
butte creek,6,5,150
butte creek,6,6,150
butte creek,6,7,150
butte creek,6,8,150
butte creek,6,9,150
butte creek,6,10,150
butte creek,6,11,150
butte creek,6,12,150
butte creek,6,13,150
butte creek,6,14,150
butte creek,6,15,150
butte creek,6,16,150
butte creek,6,17,150
butte creek,6,18,150
butte creek,6,19,150
butte creek,6,20,150
butte creek,6,21,150
butte creek,6,22,150
butte creek,6,23,150
butte creek,6,24,150
butte creek,6,25,150
butte creek,6,26,150
butte creek,6,27,150
butte creek,6,28,150
butte creek,6,29,150
butte creek,6,30,150
butte creek,7,1,150
butte creek,7,2,150
butte creek,7,3,150
butte creek,7,4,150
butte creek,7,5,150
butte creek,7,6,150
butte creek,7,7,150
butte creek,7,8,150
butte creek,7,9,150
butte creek,7,10,150
butte creek,7,11,150
butte creek,7,12,150
butte creek,7,13,150
butte creek,7,14,150
butte creek,7,15,150
butte creek,7,16,150
butte creek,7,17,150
butte creek,7,18,150
butte creek,7,19,150
butte creek,7,20,150
butte creek,7,21,150
butte creek,7,22,150
butte creek,7,23,150
butte creek,7,24,150
butte creek,7,25,150
butte creek,7,26,150
butte creek,7,27,150
butte creek,7,28,150
butte creek,7,29,150
butte creek,7,30,146.43
butte creek,7,31,142.86
butte creek,8,1,139.29
butte creek,8,2,135.71
butte creek,8,3,132.14
butte creek,8,4,128.57
butte creek,8,5,125
butte creek,8,6,121.43
butte creek,8,7,117.86
butte creek,8,8,114.29
butte creek,8,9,110.71
butte creek,8,10,107.14
butte creek,8,11,103.57
butte creek,8,12,100
butte creek,8,13,96.43
butte creek,8,14,92.86
butte creek,8,15,89.29
butte creek,8,16,85.71
butte creek,8,17,82.14
butte creek,8,18,78.57
butte creek,8,19,75
butte creek,8,20,71.43
butte creek,8,21,67.86
butte creek,8,22,64.29
butte creek,8,23,60.71
butte creek,8,24,57.14
butte creek,8,25,53.57
butte creek,8,26,50
butte creek,8,27,50
butte creek,8,28,50
butte creek,8,29,50
butte creek,8,30,50
butte creek,8,31,50
butte creek,9,1,50
butte creek,9,2,50
butte creek,9,3,50
butte creek,9,4,50
butte creek,9,5,50
butte creek,9,6,50
butte creek,9,7,50
butte creek,9,8,50
butte creek,9,9,50
butte creek,9,10,50
butte creek,9,11,50
butte creek,9,12,50
butte creek,9,13,50
butte creek,9,14,50
butte creek,9,15,50
butte creek,9,16,50
butte creek,9,17,50
butte creek,9,18,50
butte creek,9,19,50
butte creek,9,20,50
butte creek,9,21,50
butte creek,9,22,50
butte creek,9,23,50
butte creek,9,24,50
butte creek,9,25,50
butte creek,9,26,50
butte creek,9,27,50
butte creek,9,28,50
butte creek,9,29,50
butte creek,9,30,50
clear creek,10,1,50
clear creek,10,2,50
clear creek,10,3,50
clear creek,10,4,50
clear creek,10,5,50
clear creek,10,6,50
clear creek,10,7,50
clear creek,10,8,50
clear creek,10,9,50
clear creek,10,10,50
clear creek,10,11,50
clear creek,10,12,50
clear creek,10,13,50
clear creek,10,14,50
clear creek,10,15,50
clear creek,10,16,50
clear creek,10,17,50
clear creek,10,18,50
clear creek,10,19,50
clear creek,10,20,50
clear creek,10,21,50
clear creek,10,22,50
clear creek,10,23,50
clear creek,10,24,50
clear creek,10,25,50
clear creek,10,26,50
clear creek,10,27,50
clear creek,10,28,50
clear creek,10,29,50
clear creek,10,30,50
clear creek,10,31,50
clear creek,11,1,50
clear creek,11,2,50
clear creek,11,3,50
clear creek,11,4,50
clear creek,11,5,50
clear creek,11,6,50
clear creek,11,7,50
clear creek,11,8,50
clear creek,11,9,50
clear creek,11,10,50
clear creek,11,11,50
clear creek,11,12,50
clear creek,11,13,50
clear creek,11,14,50
clear creek,11,15,50
clear creek,11,16,50
clear creek,11,17,50
clear creek,11,18,50
clear creek,11,19,50
clear creek,11,20,50
clear creek,11,21,50
clear creek,11,22,50
clear creek,11,23,50
clear creek,11,24,50
clear creek,11,25,50
clear creek,11,26,51.43
clear creek,11,27,52.86
clear creek,11,28,54.29
clear creek,11,29,55.71
clear creek,11,30,57.14
clear creek,12,1,58.57
clear creek,12,2,60
clear creek,12,3,61.43
clear creek,12,4,62.86
clear creek,12,5,64.29
clear creek,12,6,65.71
clear creek,12,7,67.14
clear creek,12,8,68.57
clear creek,12,9,70
clear creek,12,10,70.71
clear creek,12,11,71.43
clear creek,12,12,72.14
clear creek,12,13,72.86
clear creek,12,14,73.57
clear creek,12,15,74.29
clear creek,12,16,75
clear creek,12,17,75
clear creek,12,18,75
clear creek,12,19,75
clear creek,12,20,75
clear creek,12,21,75
clear creek,12,22,75
clear creek,12,23,75
clear creek,12,24,75
clear creek,12,25,75
clear creek,12,26,75
clear creek,12,27,75
clear creek,12,28,75
clear creek,12,29,75
clear creek,12,30,75
clear creek,12,31,75
clear creek,1,1,75
clear creek,1,2,75
clear creek,1,3,75
clear creek,1,4,75
clear creek,1,5,75
clear creek,1,6,75
clear creek,1,7,75
clear creek,1,8,75
clear creek,1,9,75.71
clear creek,1,10,76.43
clear creek,1,11,77.14
clear creek,1,12,77.86
clear creek,1,13,78.57
clear creek,1,14,79.29
clear creek,1,15,80
clear creek,1,16,80
clear creek,1,17,80
clear creek,1,18,80
clear creek,1,19,80
clear creek,1,20,80
clear creek,1,21,80
clear creek,1,22,80
clear creek,1,23,80
clear creek,1,24,80
clear creek,1,25,80
clear creek,1,26,80
clear creek,1,27,80
clear creek,1,28,80
clear creek,1,29,80
clear creek,1,30,80
clear creek,1,31,80
clear creek,2,1,80
clear creek,2,2,80
clear creek,2,3,80
clear creek,2,4,80
clear creek,2,5,80
clear creek,2,6,80.71
clear creek,2,7,81.43
clear creek,2,8,82.14
clear creek,2,9,82.86
clear creek,2,10,83.57
clear creek,2,11,84.29
clear creek,2,12,85
clear creek,2,13,85.71
clear creek,2,14,86.43
clear creek,2,15,87.14
clear creek,2,16,87.86
clear creek,2,17,88.57
clear creek,2,18,89.29
clear creek,2,19,90
clear creek,2,20,90
clear creek,2,21,90
clear creek,2,22,90
clear creek,2,23,90
clear creek,2,24,90
clear creek,2,25,90
clear creek,2,26,90
clear creek,2,27,90.71
clear creek,2,28,91.43
clear creek,2,29,92.14
clear creek,3,1,92.86
clear creek,3,2,93.57
clear creek,3,3,94.29
clear creek,3,4,95
clear creek,3,5,95.71
clear creek,3,6,96.43
clear creek,3,7,97.14
clear creek,3,8,97.86
clear creek,3,9,98.57
clear creek,3,10,99.29
clear creek,3,11,100
clear creek,3,12,100.71
clear creek,3,13,101.43
clear creek,3,14,102.14
clear creek,3,15,102.86
clear creek,3,16,103.57
clear creek,3,17,104.29
clear creek,3,18,105
clear creek,3,19,105.71
clear creek,3,20,106.43
clear creek,3,21,107.14
clear creek,3,22,107.86
clear creek,3,23,108.57
clear creek,3,24,109.29
clear creek,3,25,110
clear creek,3,26,110.71
clear creek,3,27,111.43
clear creek,3,28,112.14
clear creek,3,29,112.86
clear creek,3,30,113.57
clear creek,3,31,114.29
clear creek,4,1,115
clear creek,4,2,115
clear creek,4,3,115
clear creek,4,4,115
clear creek,4,5,115
clear creek,4,6,115
clear creek,4,7,115
clear creek,4,8,115
clear creek,4,9,115
clear creek,4,10,115
clear creek,4,11,115
clear creek,4,12,115
clear creek,4,13,115
clear creek,4,14,115
clear creek,4,15,115
clear creek,4,16,115
clear creek,4,17,115
clear creek,4,18,115
clear creek,4,19,115
clear creek,4,20,115
clear creek,4,21,115
clear creek,4,22,115
clear creek,4,23,116.43
clear creek,4,24,117.86
clear creek,4,25,119.29
clear creek,4,26,120.71
clear creek,4,27,122.14
clear creek,4,28,123.57
clear creek,4,29,125
clear creek,4,30,125
clear creek,5,1,125
clear creek,5,2,125
clear creek,5,3,125
clear creek,5,4,125
clear creek,5,5,125
clear creek,5,6,125
clear creek,5,7,125
clear creek,5,8,125
clear creek,5,9,125
clear creek,5,10,125
clear creek,5,11,125
clear creek,5,12,125
clear creek,5,13,125
clear creek,5,14,125
clear creek,5,15,125
clear creek,5,16,125
clear creek,5,17,125
clear creek,5,18,125
clear creek,5,19,125
clear creek,5,20,125
clear creek,5,21,125
clear creek,5,22,125
clear creek,5,23,125
clear creek,5,24,125
clear creek,5,25,125
clear creek,5,26,125
clear creek,5,27,125
clear creek,5,28,125
clear creek,5,29,125
clear creek,5,30,125
clear creek,5,31,125
clear creek,6,1,125
clear creek,6,2,125
clear creek,6,3,125
clear creek,6,4,125
clear creek,6,5,125
clear creek,6,6,125
clear creek,6,7,125
clear creek,6,8,125
clear creek,6,9,125
clear creek,6,10,125
clear creek,6,11,125
clear creek,6,12,125
clear creek,6,13,125
clear creek,6,14,125
clear creek,6,15,125
clear creek,6,16,125
clear creek,6,17,125
clear creek,6,18,125
clear creek,6,19,125
clear creek,6,20,125
clear creek,6,21,125
clear creek,6,22,125
clear creek,6,23,125
clear creek,6,24,125
clear creek,6,25,125
clear creek,6,26,125
clear creek,6,27,125
clear creek,6,28,125
clear creek,6,29,125
clear creek,6,30,125
clear creek,7,1,125
clear creek,7,2,125
clear creek,7,3,125
clear creek,7,4,125
clear creek,7,5,125
clear creek,7,6,125
clear creek,7,7,125
clear creek,7,8,125
clear creek,7,9,125
clear creek,7,10,125
clear creek,7,11,125
clear creek,7,12,125
clear creek,7,13,125
clear creek,7,14,125
clear creek,7,15,125
clear creek,7,16,125
clear creek,7,17,125
clear creek,7,18,125
clear creek,7,19,125
clear creek,7,20,125
clear creek,7,21,125
clear creek,7,22,125
clear creek,7,23,122.86
clear creek,7,24,120.71
clear creek,7,25,118.57
clear creek,7,26,116.43
clear creek,7,27,114.29
clear creek,7,28,112.14
clear creek,7,29,110
clear creek,7,30,110
clear creek,7,31,110
clear creek,8,1,110
clear creek,8,2,110
clear creek,8,3,110
clear creek,8,4,110
clear creek,8,5,110
clear creek,8,6,110
clear creek,8,7,110
clear creek,8,8,110
clear creek,8,9,110
clear creek,8,10,110
clear creek,8,11,110
clear creek,8,12,110
clear creek,8,13,110
clear creek,8,14,110
clear creek,8,15,110
clear creek,8,16,110
clear creek,8,17,110
clear creek,8,18,110
clear creek,8,19,110
clear creek,8,20,110
clear creek,8,21,110
clear creek,8,22,110
clear creek,8,23,110
clear creek,8,24,110
clear creek,8,25,110
clear creek,8,26,110
clear creek,8,27,110
clear creek,8,28,110
clear creek,8,29,110
clear creek,8,30,110
clear creek,8,31,110
clear creek,9,1,110
clear creek,9,2,110
clear creek,9,3,110
clear creek,9,4,110
clear creek,9,5,110
clear creek,9,6,110
clear creek,9,7,110
clear creek,9,8,110
clear creek,9,9,110
clear creek,9,10,110
clear creek,9,11,110
clear creek,9,12,110
clear creek,9,13,110
clear creek,9,14,110
clear creek,9,15,110
clear creek,9,16,110
clear creek,9,17,110
clear creek,9,18,110
clear creek,9,19,110
clear creek,9,20,110
clear creek,9,21,110
clear creek,9,22,110
clear creek,9,23,110
clear creek,9,24,110
clear creek,9,25,110
clear creek,9,26,110
clear creek,9,27,110
clear creek,9,28,110
clear creek,9,29,110
clear creek,9,30,110
deer creek,10,1,50
deer creek,10,2,50
deer creek,10,3,50
deer creek,10,4,50
deer creek,10,5,50
deer creek,10,6,50
deer creek,10,7,50
deer creek,10,8,50
deer creek,10,9,50
deer creek,10,10,50
deer creek,10,11,50
deer creek,10,12,50
deer creek,10,13,50
deer creek,10,14,50
deer creek,10,15,50
deer creek,10,16,50
deer creek,10,17,50
deer creek,10,18,50
deer creek,10,19,50
deer creek,10,20,50
deer creek,10,21,50
deer creek,10,22,50
deer creek,10,23,50
deer creek,10,24,50
deer creek,10,25,50
deer creek,10,26,50
deer creek,10,27,50
deer creek,10,28,50
deer creek,10,29,50
deer creek,10,30,50
deer creek,10,31,50
deer creek,11,1,50
deer creek,11,2,50
deer creek,11,3,50
deer creek,11,4,50
deer creek,11,5,50
deer creek,11,6,50
deer creek,11,7,50
deer creek,11,8,50
deer creek,11,9,50
deer creek,11,10,50
deer creek,11,11,50
deer creek,11,12,50
deer creek,11,13,50
deer creek,11,14,50
deer creek,11,15,50
deer creek,11,16,50
deer creek,11,17,50
deer creek,11,18,50
deer creek,11,19,50
deer creek,11,20,50
deer creek,11,21,50
deer creek,11,22,50
deer creek,11,23,50
deer creek,11,24,50
deer creek,11,25,50
deer creek,11,26,50
deer creek,11,27,50
deer creek,11,28,50
deer creek,11,29,50
deer creek,11,30,50
deer creek,12,1,50
deer creek,12,2,50
deer creek,12,3,50
deer creek,12,4,50
deer creek,12,5,50
deer creek,12,6,50
deer creek,12,7,50
deer creek,12,8,50
deer creek,12,9,50
deer creek,12,10,50
deer creek,12,11,50
deer creek,12,12,50
deer creek,12,13,50
deer creek,12,14,50
deer creek,12,15,50
deer creek,12,16,50
deer creek,12,17,50
deer creek,12,18,50
deer creek,12,19,50
deer creek,12,20,50
deer creek,12,21,50
deer creek,12,22,50
deer creek,12,23,50
deer creek,12,24,51.11
deer creek,12,25,52.22
deer creek,12,26,53.33
deer creek,12,27,54.44
deer creek,12,28,55.56
deer creek,12,29,56.67
deer creek,12,30,57.78
deer creek,12,31,58.89
deer creek,1,1,60
deer creek,1,2,60
deer creek,1,3,60
deer creek,1,4,60
deer creek,1,5,60
deer creek,1,6,60
deer creek,1,7,60
deer creek,1,8,60
deer creek,1,9,60
deer creek,1,10,60
deer creek,1,11,60
deer creek,1,12,60
deer creek,1,13,60
deer creek,1,14,60
deer creek,1,15,60
deer creek,1,16,60
deer creek,1,17,60
deer creek,1,18,60
deer creek,1,19,60
deer creek,1,20,60
deer creek,1,21,60
deer creek,1,22,60
deer creek,1,23,60
deer creek,1,24,60
deer creek,1,25,60
deer creek,1,26,60
deer creek,1,27,60
deer creek,1,28,60
deer creek,1,29,60
deer creek,1,30,60
deer creek,1,31,60
deer creek,2,1,60
deer creek,2,2,60
deer creek,2,3,60
deer creek,2,4,60
deer creek,2,5,60
deer creek,2,6,60
deer creek,2,7,60
deer creek,2,8,60
deer creek,2,9,60
deer creek,2,10,60
deer creek,2,11,60
deer creek,2,12,60
deer creek,2,13,60
deer creek,2,14,60
deer creek,2,15,60
deer creek,2,16,60
deer creek,2,17,60
deer creek,2,18,60
deer creek,2,19,60
deer creek,2,20,62.29
deer creek,2,21,64.57
deer creek,2,22,66.86
deer creek,2,23,69.14
deer creek,2,24,71.43
deer creek,2,25,73.71
deer creek,2,26,76
deer creek,2,27,76
deer creek,2,28,76
deer creek,2,29,76
deer creek,3,1,76
deer creek,3,2,76
deer creek,3,3,76
deer creek,3,4,76
deer creek,3,5,76
deer creek,3,6,76
deer creek,3,7,76
deer creek,3,8,76
deer creek,3,9,76
deer creek,3,10,76
deer creek,3,11,76
deer creek,3,12,76
deer creek,3,13,76
deer creek,3,14,76
deer creek,3,15,76
deer creek,3,16,76
deer creek,3,17,76
deer creek,3,18,76
deer creek,3,19,77.29
deer creek,3,20,78.57
deer creek,3,21,79.86
deer creek,3,22,81.14
deer creek,3,23,82.43
deer creek,3,24,83.71
deer creek,3,25,85
deer creek,3,26,85
deer creek,3,27,85
deer creek,3,28,85
deer creek,3,29,85
deer creek,3,30,85
deer creek,3,31,85
deer creek,4,1,85
deer creek,4,2,86.43
deer creek,4,3,87.86
deer creek,4,4,89.29
deer creek,4,5,90.71
deer creek,4,6,92.14
deer creek,4,7,93.57
deer creek,4,8,95
deer creek,4,9,95
deer creek,4,10,95
deer creek,4,11,95
deer creek,4,12,95
deer creek,4,13,95
deer creek,4,14,95
deer creek,4,15,95
deer creek,4,16,95
deer creek,4,17,95
deer creek,4,18,95
deer creek,4,19,95
deer creek,4,20,95
deer creek,4,21,95
deer creek,4,22,95
deer creek,4,23,95.71
deer creek,4,24,96.43
deer creek,4,25,97.14
deer creek,4,26,97.86
deer creek,4,27,98.57
deer creek,4,28,99.29
deer creek,4,29,100
deer creek,4,30,100
deer creek,5,1,100
deer creek,5,2,100
deer creek,5,3,100
deer creek,5,4,100
deer creek,5,5,100
deer creek,5,6,100
deer creek,5,7,101
deer creek,5,8,102
deer creek,5,9,103
deer creek,5,10,104
deer creek,5,11,105
deer creek,5,12,106
deer creek,5,13,107
deer creek,5,14,107
deer creek,5,15,107
deer creek,5,16,107
deer creek,5,17,107
deer creek,5,18,107
deer creek,5,19,107
deer creek,5,20,107
deer creek,5,21,107
deer creek,5,22,107
deer creek,5,23,107
deer creek,5,24,107
deer creek,5,25,107
deer creek,5,26,107
deer creek,5,27,107
deer creek,5,28,106.29
deer creek,5,29,105.57
deer creek,5,30,104.86
deer creek,5,31,104.14
deer creek,6,1,103.43
deer creek,6,2,102.71
deer creek,6,3,102
deer creek,6,4,101.71
deer creek,6,5,101.43
deer creek,6,6,101.14
deer creek,6,7,100.86
deer creek,6,8,100.57
deer creek,6,9,100.29
deer creek,6,10,100
deer creek,6,11,100
deer creek,6,12,100
deer creek,6,13,100
deer creek,6,14,100
deer creek,6,15,100
deer creek,6,16,100
deer creek,6,17,100
deer creek,6,18,100
deer creek,6,19,100
deer creek,6,20,100
deer creek,6,21,100
deer creek,6,22,100
deer creek,6,23,100
deer creek,6,24,100
deer creek,6,25,100
deer creek,6,26,100
deer creek,6,27,100
deer creek,6,28,100
deer creek,6,29,100
deer creek,6,30,100
deer creek,7,1,100
deer creek,7,2,100
deer creek,7,3,100
deer creek,7,4,100
deer creek,7,5,100
deer creek,7,6,100
deer creek,7,7,100
deer creek,7,8,100
deer creek,7,9,100
deer creek,7,10,100
deer creek,7,11,100
deer creek,7,12,100
deer creek,7,13,100
deer creek,7,14,100
deer creek,7,15,100
deer creek,7,16,100
deer creek,7,17,100
deer creek,7,18,100
deer creek,7,19,100
deer creek,7,20,100
deer creek,7,21,100
deer creek,7,22,100
deer creek,7,23,100
deer creek,7,24,100
deer creek,7,25,100
deer creek,7,26,100
deer creek,7,27,100
deer creek,7,28,100
deer creek,7,29,100
deer creek,7,30,100
deer creek,7,31,100
deer creek,8,1,100
deer creek,8,2,100
deer creek,8,3,100
deer creek,8,4,100
deer creek,8,5,100
deer creek,8,6,100
deer creek,8,7,100
deer creek,8,8,100
deer creek,8,9,100
deer creek,8,10,100
deer creek,8,11,100
deer creek,8,12,100
deer creek,8,13,100
deer creek,8,14,100
deer creek,8,15,100
deer creek,8,16,100
deer creek,8,17,100
deer creek,8,18,100
deer creek,8,19,100
deer creek,8,20,100
deer creek,8,21,100
deer creek,8,22,100
deer creek,8,23,100
deer creek,8,24,100
deer creek,8,25,100
deer creek,8,26,100
deer creek,8,27,100
deer creek,8,28,100
deer creek,8,29,100
deer creek,8,30,100
deer creek,8,31,100
deer creek,9,1,100
deer creek,9,2,100
deer creek,9,3,100
deer creek,9,4,100
deer creek,9,5,100
deer creek,9,6,100
deer creek,9,7,100
deer creek,9,8,100
deer creek,9,9,100
deer creek,9,10,100
deer creek,9,11,100
deer creek,9,12,100
deer creek,9,13,100
deer creek,9,14,100
deer creek,9,15,100
deer creek,9,16,100
deer creek,9,17,100
deer creek,9,18,100
deer creek,9,19,100
deer creek,9,20,100
deer creek,9,21,100
deer creek,9,22,100
deer creek,9,23,100
deer creek,9,24,100
deer creek,9,25,100
deer creek,9,26,100
deer creek,9,27,100
deer creek,9,28,100
deer creek,9,29,100
deer creek,9,30,100
feather river,10,1,50
feather river,10,2,50
feather river,10,3,50
feather river,10,4,50
feather river,10,5,50
feather river,10,6,50
feather river,10,7,50
feather river,10,8,50
feather river,10,9,50
feather river,10,10,50
feather river,10,11,50
feather river,10,12,50
feather river,10,13,50
feather river,10,14,50
feather river,10,15,50
feather river,10,16,50
feather river,10,17,50
feather river,10,18,50
feather river,10,19,50
feather river,10,20,50
feather river,10,21,50
feather river,10,22,50
feather river,10,23,50
feather river,10,24,50
feather river,10,25,50
feather river,10,26,50
feather river,10,27,50
feather river,10,28,50
feather river,10,29,50
feather river,10,30,50
feather river,10,31,50
feather river,11,1,50
feather river,11,2,50
feather river,11,3,50
feather river,11,4,50
feather river,11,5,50
feather river,11,6,50
feather river,11,7,50
feather river,11,8,50
feather river,11,9,50
feather river,11,10,50
feather river,11,11,50
feather river,11,12,50
feather river,11,13,50
feather river,11,14,50
feather river,11,15,50
feather river,11,16,50
feather river,11,17,50
feather river,11,18,50
feather river,11,19,50
feather river,11,20,50
feather river,11,21,50
feather river,11,22,50
feather river,11,23,50
feather river,11,24,50
feather river,11,25,50
feather river,11,26,50
feather river,11,27,50
feather river,11,28,50
feather river,11,29,50
feather river,11,30,50
feather river,12,1,50
feather river,12,2,50
feather river,12,3,51.43
feather river,12,4,52.86
feather river,12,5,54.29
feather river,12,6,55.71
feather river,12,7,57.14
feather river,12,8,58.57
feather river,12,9,60
feather river,12,10,60
feather river,12,11,60
feather river,12,12,60
feather river,12,13,60
feather river,12,14,60
feather river,12,15,60
feather river,12,16,60
feather river,12,17,60
feather river,12,18,60
feather river,12,19,60
feather river,12,20,60
feather river,12,21,60
feather river,12,22,60
feather river,12,23,60
feather river,12,24,60
feather river,12,25,60
feather river,12,26,60
feather river,12,27,60
feather river,12,28,60
feather river,12,29,60
feather river,12,30,60
feather river,12,31,60
feather river,1,1,60
feather river,1,2,60.71
feather river,1,3,61.43
feather river,1,4,62.14
feather river,1,5,62.86
feather river,1,6,63.57
feather river,1,7,64.29
feather river,1,8,65
feather river,1,9,65.71
feather river,1,10,66.43
feather river,1,11,67.14
feather river,1,12,67.86
feather river,1,13,68.57
feather river,1,14,69.29
feather river,1,15,70
feather river,1,16,71.43
feather river,1,17,72.86
feather river,1,18,74.29
feather river,1,19,75.71
feather river,1,20,77.14
feather river,1,21,78.57
feather river,1,22,80
feather river,1,23,80
feather river,1,24,80
feather river,1,25,80
feather river,1,26,80
feather river,1,27,80
feather river,1,28,80
feather river,1,29,80
feather river,1,30,80.71
feather river,1,31,81.43
feather river,2,1,82.14
feather river,2,2,82.86
feather river,2,3,83.57
feather river,2,4,84.29
feather river,2,5,85
feather river,2,6,85.71
feather river,2,7,86.43
feather river,2,8,87.14
feather river,2,9,87.86
feather river,2,10,88.57
feather river,2,11,89.29
feather river,2,12,90
feather river,2,13,91.43
feather river,2,14,92.86
feather river,2,15,94.29
feather river,2,16,95.71
feather river,2,17,97.14
feather river,2,18,98.57
feather river,2,19,100
feather river,2,20,100
feather river,2,21,100
feather river,2,22,100
feather river,2,23,100
feather river,2,24,100
feather river,2,25,100
feather river,2,26,100
feather river,2,27,101.43
feather river,2,28,102.86
feather river,2,29,104.29
feather river,3,1,105.71
feather river,3,2,107.14
feather river,3,3,108.57
feather river,3,4,110
feather river,3,5,110.71
feather river,3,6,111.43
feather river,3,7,112.14
feather river,3,8,112.86
feather river,3,9,113.57
feather river,3,10,114.29
feather river,3,11,115
feather river,3,12,115.71
feather river,3,13,116.43
feather river,3,14,117.14
feather river,3,15,117.86
feather river,3,16,118.57
feather river,3,17,119.29
feather river,3,18,120
feather river,3,19,120
feather river,3,20,120
feather river,3,21,120
feather river,3,22,120
feather river,3,23,120
feather river,3,24,120
feather river,3,25,120
feather river,3,26,120.71
feather river,3,27,121.43
feather river,3,28,122.14
feather river,3,29,122.86
feather river,3,30,123.57
feather river,3,31,124.29
feather river,4,1,125
feather river,4,2,125.71
feather river,4,3,126.43
feather river,4,4,127.14
feather river,4,5,127.86
feather river,4,6,128.57
feather river,4,7,129.29
feather river,4,8,130
feather river,4,9,130
feather river,4,10,130
feather river,4,11,130
feather river,4,12,130
feather river,4,13,130
feather river,4,14,130
feather river,4,15,130
feather river,4,16,130
feather river,4,17,130
feather river,4,18,130
feather river,4,19,130
feather river,4,20,130
feather river,4,21,130
feather river,4,22,130
feather river,4,23,132.14
feather river,4,24,134.29
feather river,4,25,136.43
feather river,4,26,138.57
feather river,4,27,140.71
feather river,4,28,142.86
feather river,4,29,145
feather river,4,30,145
feather river,5,1,145
feather river,5,2,145
feather river,5,3,145
feather river,5,4,145
feather river,5,5,145
feather river,5,6,145
feather river,5,7,145
feather river,5,8,145
feather river,5,9,145
feather river,5,10,145
feather river,5,11,145
feather river,5,12,145
feather river,5,13,145
feather river,5,14,145
feather river,5,15,145
feather river,5,16,145
feather river,5,17,145
feather river,5,18,145
feather river,5,19,145
feather river,5,20,145
feather river,5,21,145
feather river,5,22,145
feather river,5,23,145
feather river,5,24,145
feather river,5,25,145
feather river,5,26,145
feather river,5,27,145
feather river,5,28,145
feather river,5,29,145
feather river,5,30,145
feather river,5,31,145
feather river,6,1,145
feather river,6,2,145
feather river,6,3,145
feather river,6,4,145
feather river,6,5,145
feather river,6,6,145
feather river,6,7,145
feather river,6,8,145
feather river,6,9,145
feather river,6,10,145
feather river,6,11,145
feather river,6,12,145
feather river,6,13,145
feather river,6,14,145
feather river,6,15,145
feather river,6,16,145
feather river,6,17,145
feather river,6,18,145
feather river,6,19,145
feather river,6,20,145
feather river,6,21,145
feather river,6,22,145
feather river,6,23,145
feather river,6,24,145
feather river,6,25,145
feather river,6,26,145
feather river,6,27,145
feather river,6,28,145
feather river,6,29,145
feather river,6,30,145
feather river,7,1,145
feather river,7,2,145
feather river,7,3,145
feather river,7,4,145
feather river,7,5,145
feather river,7,6,145
feather river,7,7,145
feather river,7,8,145
feather river,7,9,145
feather river,7,10,145
feather river,7,11,145
feather river,7,12,145
feather river,7,13,145
feather river,7,14,145
feather river,7,15,145
feather river,7,16,145
feather river,7,17,145
feather river,7,18,145
feather river,7,19,145
feather river,7,20,145
feather river,7,21,145
feather river,7,22,145
feather river,7,23,145
feather river,7,24,145
feather river,7,25,145
feather river,7,26,145
feather river,7,27,145
feather river,7,28,145
feather river,7,29,145
feather river,7,30,145
feather river,7,31,145
feather river,8,1,145
feather river,8,2,145
feather river,8,3,145
feather river,8,4,145
feather river,8,5,145
feather river,8,6,145
feather river,8,7,145
feather river,8,8,145
feather river,8,9,145
feather river,8,10,145
feather river,8,11,145
feather river,8,12,145
feather river,8,13,145
feather river,8,14,145
feather river,8,15,145
feather river,8,16,145
feather river,8,17,145
feather river,8,18,145
feather river,8,19,145
feather river,8,20,145
feather river,8,21,145
feather river,8,22,145
feather river,8,23,145
feather river,8,24,145
feather river,8,25,145
feather river,8,26,145
feather river,8,27,145
feather river,8,28,145
feather river,8,29,145
feather river,8,30,145
feather river,8,31,145
feather river,9,1,145
feather river,9,2,145
feather river,9,3,145
feather river,9,4,145
feather river,9,5,145
feather river,9,6,145
feather river,9,7,145
feather river,9,8,145
feather river,9,9,145
feather river,9,10,145
feather river,9,11,145
feather river,9,12,145
feather river,9,13,145
feather river,9,14,145
feather river,9,15,145
feather river,9,16,145
feather river,9,17,145
feather river,9,18,145
feather river,9,19,145
feather river,9,20,145
feather river,9,21,145
feather river,9,22,145
feather river,9,23,145
feather river,9,24,145
feather river,9,25,145
feather river,9,26,145
feather river,9,27,145
feather river,9,28,145
feather river,9,29,145
feather river,9,30,145
mill creek,10,1,50
mill creek,10,2,50
mill creek,10,3,50
mill creek,10,4,50
mill creek,10,5,50
mill creek,10,6,50
mill creek,10,7,50
mill creek,10,8,50
mill creek,10,9,50
mill creek,10,10,50
mill creek,10,11,50
mill creek,10,12,50
mill creek,10,13,50
mill creek,10,14,50
mill creek,10,15,50
mill creek,10,16,50
mill creek,10,17,50
mill creek,10,18,50
mill creek,10,19,50
mill creek,10,20,50
mill creek,10,21,50
mill creek,10,22,50
mill creek,10,23,50
mill creek,10,24,50
mill creek,10,25,50
mill creek,10,26,50
mill creek,10,27,50
mill creek,10,28,50
mill creek,10,29,50
mill creek,10,30,50
mill creek,10,31,50
mill creek,11,1,50
mill creek,11,2,50
mill creek,11,3,50
mill creek,11,4,50
mill creek,11,5,50
mill creek,11,6,50
mill creek,11,7,50
mill creek,11,8,50
mill creek,11,9,50
mill creek,11,10,50
mill creek,11,11,50
mill creek,11,12,50
mill creek,11,13,50
mill creek,11,14,50
mill creek,11,15,50
mill creek,11,16,50
mill creek,11,17,50
mill creek,11,18,50
mill creek,11,19,50
mill creek,11,20,50
mill creek,11,21,50
mill creek,11,22,50
mill creek,11,23,50
mill creek,11,24,50
mill creek,11,25,50
mill creek,11,26,50
mill creek,11,27,50
mill creek,11,28,50
mill creek,11,29,50
mill creek,11,30,50
mill creek,12,1,50
mill creek,12,2,50
mill creek,12,3,50
mill creek,12,4,50
mill creek,12,5,50
mill creek,12,6,50
mill creek,12,7,50
mill creek,12,8,50
mill creek,12,9,50
mill creek,12,10,50
mill creek,12,11,50
mill creek,12,12,50
mill creek,12,13,50
mill creek,12,14,50
mill creek,12,15,50
mill creek,12,16,50
mill creek,12,17,50
mill creek,12,18,50
mill creek,12,19,50
mill creek,12,20,50
mill creek,12,21,50
mill creek,12,22,50
mill creek,12,23,50
mill creek,12,24,51.11
mill creek,12,25,52.22
mill creek,12,26,53.33
mill creek,12,27,54.44
mill creek,12,28,55.56
mill creek,12,29,56.67
mill creek,12,30,57.78
mill creek,12,31,58.89
mill creek,1,1,60
mill creek,1,2,60
mill creek,1,3,60
mill creek,1,4,60
mill creek,1,5,60
mill creek,1,6,60
mill creek,1,7,60
mill creek,1,8,60
mill creek,1,9,60
mill creek,1,10,60
mill creek,1,11,60
mill creek,1,12,60
mill creek,1,13,60
mill creek,1,14,60
mill creek,1,15,60
mill creek,1,16,60
mill creek,1,17,60
mill creek,1,18,60
mill creek,1,19,60
mill creek,1,20,60
mill creek,1,21,60
mill creek,1,22,60
mill creek,1,23,60
mill creek,1,24,60
mill creek,1,25,60
mill creek,1,26,60
mill creek,1,27,60
mill creek,1,28,60
mill creek,1,29,60
mill creek,1,30,60
mill creek,1,31,60
mill creek,2,1,60
mill creek,2,2,60
mill creek,2,3,60
mill creek,2,4,60
mill creek,2,5,60
mill creek,2,6,60
mill creek,2,7,60
mill creek,2,8,60
mill creek,2,9,60
mill creek,2,10,60
mill creek,2,11,60
mill creek,2,12,60
mill creek,2,13,60
mill creek,2,14,60
mill creek,2,15,60
mill creek,2,16,60
mill creek,2,17,60
mill creek,2,18,60
mill creek,2,19,60
mill creek,2,20,62.29
mill creek,2,21,64.57
mill creek,2,22,66.86
mill creek,2,23,69.14
mill creek,2,24,71.43
mill creek,2,25,73.71
mill creek,2,26,76
mill creek,2,27,76
mill creek,2,28,76
mill creek,2,29,76
mill creek,3,1,76
mill creek,3,2,76
mill creek,3,3,76
mill creek,3,4,76
mill creek,3,5,76
mill creek,3,6,76
mill creek,3,7,76
mill creek,3,8,76
mill creek,3,9,76
mill creek,3,10,76
mill creek,3,11,76
mill creek,3,12,76
mill creek,3,13,76
mill creek,3,14,76
mill creek,3,15,76
mill creek,3,16,76
mill creek,3,17,76
mill creek,3,18,76
mill creek,3,19,77.29
mill creek,3,20,78.57
mill creek,3,21,79.86
mill creek,3,22,81.14
mill creek,3,23,82.43
mill creek,3,24,83.71
mill creek,3,25,85
mill creek,3,26,85
mill creek,3,27,85
mill creek,3,28,85
mill creek,3,29,85
mill creek,3,30,85
mill creek,3,31,85
mill creek,4,1,85
mill creek,4,2,86.43
mill creek,4,3,87.86
mill creek,4,4,89.29
mill creek,4,5,90.71
mill creek,4,6,92.14
mill creek,4,7,93.57
mill creek,4,8,95
mill creek,4,9,95
mill creek,4,10,95
mill creek,4,11,95
mill creek,4,12,95
mill creek,4,13,95
mill creek,4,14,95
mill creek,4,15,95
mill creek,4,16,95
mill creek,4,17,95
mill creek,4,18,95
mill creek,4,19,95
mill creek,4,20,95
mill creek,4,21,95
mill creek,4,22,95
mill creek,4,23,95.71
mill creek,4,24,96.43
mill creek,4,25,97.14
mill creek,4,26,97.86
mill creek,4,27,98.57
mill creek,4,28,99.29
mill creek,4,29,100
mill creek,4,30,100.71
mill creek,5,1,101.43
mill creek,5,2,102.14
mill creek,5,3,102.86
mill creek,5,4,103.57
mill creek,5,5,104.29
mill creek,5,6,105
mill creek,5,7,105
mill creek,5,8,105
mill creek,5,9,105
mill creek,5,10,105
mill creek,5,11,105
mill creek,5,12,105
mill creek,5,13,105
mill creek,5,14,105
mill creek,5,15,105
mill creek,5,16,105
mill creek,5,17,105
mill creek,5,18,105
mill creek,5,19,105
mill creek,5,20,105
mill creek,5,21,105
mill creek,5,22,105
mill creek,5,23,105
mill creek,5,24,105
mill creek,5,25,105
mill creek,5,26,105
mill creek,5,27,105
mill creek,5,28,104.29
mill creek,5,29,103.57
mill creek,5,30,102.86
mill creek,5,31,102.14
mill creek,6,1,101.43
mill creek,6,2,100.71
mill creek,6,3,100
mill creek,6,4,100
mill creek,6,5,100
mill creek,6,6,100
mill creek,6,7,100
mill creek,6,8,100
mill creek,6,9,100
mill creek,6,10,100
mill creek,6,11,100
mill creek,6,12,100
mill creek,6,13,100
mill creek,6,14,100
mill creek,6,15,100
mill creek,6,16,100
mill creek,6,17,100
mill creek,6,18,100
mill creek,6,19,100
mill creek,6,20,100
mill creek,6,21,100
mill creek,6,22,100
mill creek,6,23,100
mill creek,6,24,100
mill creek,6,25,100
mill creek,6,26,100
mill creek,6,27,100
mill creek,6,28,100
mill creek,6,29,100
mill creek,6,30,100
mill creek,7,1,100
mill creek,7,2,100
mill creek,7,3,100
mill creek,7,4,100
mill creek,7,5,100
mill creek,7,6,100
mill creek,7,7,100
mill creek,7,8,100
mill creek,7,9,100
mill creek,7,10,100
mill creek,7,11,100
mill creek,7,12,100
mill creek,7,13,100
mill creek,7,14,100
mill creek,7,15,100
mill creek,7,16,100
mill creek,7,17,100
mill creek,7,18,100
mill creek,7,19,100
mill creek,7,20,100
mill creek,7,21,100
mill creek,7,22,100
mill creek,7,23,100
mill creek,7,24,100
mill creek,7,25,100
mill creek,7,26,100
mill creek,7,27,100
mill creek,7,28,100
mill creek,7,29,100
mill creek,7,30,100
mill creek,7,31,100
mill creek,8,1,100
mill creek,8,2,100
mill creek,8,3,100
mill creek,8,4,100
mill creek,8,5,100
mill creek,8,6,100
mill creek,8,7,100
mill creek,8,8,100
mill creek,8,9,100
mill creek,8,10,100
mill creek,8,11,100
mill creek,8,12,100
mill creek,8,13,100
mill creek,8,14,100
mill creek,8,15,100
mill creek,8,16,100
mill creek,8,17,100
mill creek,8,18,100
mill creek,8,19,100
mill creek,8,20,100
mill creek,8,21,100
mill creek,8,22,100
mill creek,8,23,100
mill creek,8,24,100
mill creek,8,25,100
mill creek,8,26,100
mill creek,8,27,100
mill creek,8,28,100
mill creek,8,29,100
mill creek,8,30,100
mill creek,8,31,100
mill creek,9,1,100
mill creek,9,2,100
mill creek,9,3,100
mill creek,9,4,100
mill creek,9,5,100
mill creek,9,6,100
mill creek,9,7,100
mill creek,9,8,100
mill creek,9,9,100
mill creek,9,10,100
mill creek,9,11,100
mill creek,9,12,100
mill creek,9,13,100
mill creek,9,14,100
mill creek,9,15,100
mill creek,9,16,100
mill creek,9,17,100
mill creek,9,18,100
mill creek,9,19,100
mill creek,9,20,100
mill creek,9,21,100
mill creek,9,22,100
mill creek,9,23,100
mill creek,9,24,100
mill creek,9,25,100
mill creek,9,26,100
mill creek,9,27,100
mill creek,9,28,100
mill creek,9,29,100
mill creek,9,30,100
yuba river,10,1,50
yuba river,10,2,50
yuba river,10,3,50
yuba river,10,4,50
yuba river,10,5,50
yuba river,10,6,50
yuba river,10,7,50
yuba river,10,8,50
yuba river,10,9,50
yuba river,10,10,50
yuba river,10,11,50
yuba river,10,12,50
yuba river,10,13,50
yuba river,10,14,50
yuba river,10,15,50
yuba river,10,16,50
yuba river,10,17,50
yuba river,10,18,50
yuba river,10,19,50
yuba river,10,20,50
yuba river,10,21,50
yuba river,10,22,50
yuba river,10,23,50
yuba river,10,24,50
yuba river,10,25,50
yuba river,10,26,50
yuba river,10,27,50
yuba river,10,28,50
yuba river,10,29,50
yuba river,10,30,50
yuba river,10,31,50
yuba river,11,1,50
yuba river,11,2,50
yuba river,11,3,50
yuba river,11,4,50
yuba river,11,5,50
yuba river,11,6,50
yuba river,11,7,50
yuba river,11,8,50
yuba river,11,9,50
yuba river,11,10,50
yuba river,11,11,50
yuba river,11,12,50
yuba river,11,13,50
yuba river,11,14,50
yuba river,11,15,50
yuba river,11,16,50
yuba river,11,17,50
yuba river,11,18,50
yuba river,11,19,51.43
yuba river,11,20,52.86
yuba river,11,21,54.29
yuba river,11,22,55.71
yuba river,11,23,57.14
yuba river,11,24,58.57
yuba river,11,25,60
yuba river,11,26,60
yuba river,11,27,60
yuba river,11,28,60
yuba river,11,29,60
yuba river,11,30,60
yuba river,12,1,60
yuba river,12,2,60
yuba river,12,3,61.43
yuba river,12,4,62.86
yuba river,12,5,64.29
yuba river,12,6,65.71
yuba river,12,7,67.14
yuba river,12,8,68.57
yuba river,12,9,70
yuba river,12,10,70
yuba river,12,11,70
yuba river,12,12,70
yuba river,12,13,70
yuba river,12,14,70
yuba river,12,15,70
yuba river,12,16,70
yuba river,12,17,70
yuba river,12,18,70
yuba river,12,19,70
yuba river,12,20,70
yuba river,12,21,70
yuba river,12,22,70
yuba river,12,23,70
yuba river,12,24,70
yuba river,12,25,70
yuba river,12,26,70
yuba river,12,27,70
yuba river,12,28,70
yuba river,12,29,70
yuba river,12,30,70
yuba river,12,31,70
yuba river,1,1,70
yuba river,1,2,70
yuba river,1,3,70
yuba river,1,4,70
yuba river,1,5,70
yuba river,1,6,70
yuba river,1,7,70
yuba river,1,8,70
yuba river,1,9,71.43
yuba river,1,10,72.86
yuba river,1,11,74.29
yuba river,1,12,75.71
yuba river,1,13,77.14
yuba river,1,14,78.57
yuba river,1,15,80
yuba river,1,16,80
yuba river,1,17,80
yuba river,1,18,80
yuba river,1,19,80
yuba river,1,20,80
yuba river,1,21,80
yuba river,1,22,80
yuba river,1,23,80
yuba river,1,24,80
yuba river,1,25,80
yuba river,1,26,80
yuba river,1,27,80
yuba river,1,28,80
yuba river,1,29,80
yuba river,1,30,80
yuba river,1,31,80
yuba river,2,1,80
yuba river,2,2,80
yuba river,2,3,80
yuba river,2,4,80
yuba river,2,5,80
yuba river,2,6,81.43
yuba river,2,7,82.86
yuba river,2,8,84.29
yuba river,2,9,85.71
yuba river,2,10,87.14
yuba river,2,11,88.57
yuba river,2,12,90
yuba river,2,13,90
yuba river,2,14,90
yuba river,2,15,90
yuba river,2,16,90
yuba river,2,17,90
yuba river,2,18,90
yuba river,2,19,90
yuba river,2,20,90
yuba river,2,21,90
yuba river,2,22,90
yuba river,2,23,90
yuba river,2,24,90
yuba river,2,25,90
yuba river,2,26,90
yuba river,2,27,90.71
yuba river,2,28,91.43
yuba river,2,29,92.14
yuba river,3,1,92.86
yuba river,3,2,93.57
yuba river,3,3,94.29
yuba river,3,4,95
yuba river,3,5,95.71
yuba river,3,6,96.43
yuba river,3,7,97.14
yuba river,3,8,97.86
yuba river,3,9,98.57
yuba river,3,10,99.29
yuba river,3,11,100
yuba river,3,12,101.43
yuba river,3,13,102.86
yuba river,3,14,104.29
yuba river,3,15,105.71
yuba river,3,16,107.14
yuba river,3,17,108.57
yuba river,3,18,110
yuba river,3,19,110
yuba river,3,20,110
yuba river,3,21,110
yuba river,3,22,110
yuba river,3,23,110
yuba river,3,24,110
yuba river,3,25,110
yuba river,3,26,110
yuba river,3,27,110
yuba river,3,28,110
yuba river,3,29,110
yuba river,3,30,110
yuba river,3,31,110
yuba river,4,1,110
yuba river,4,2,111.43
yuba river,4,3,112.86
yuba river,4,4,114.29
yuba river,4,5,115.71
yuba river,4,6,117.14
yuba river,4,7,118.57
yuba river,4,8,120
yuba river,4,9,120
yuba river,4,10,120
yuba river,4,11,120
yuba river,4,12,120
yuba river,4,13,120
yuba river,4,14,120
yuba river,4,15,120
yuba river,4,16,120
yuba river,4,17,120
yuba river,4,18,120
yuba river,4,19,120
yuba river,4,20,120
yuba river,4,21,120
yuba river,4,22,120
yuba river,4,23,120
yuba river,4,24,120
yuba river,4,25,120
yuba river,4,26,120
yuba river,4,27,120
yuba river,4,28,120
yuba river,4,29,120
yuba river,4,30,120
yuba river,5,1,120
yuba river,5,2,120
yuba river,5,3,120
yuba river,5,4,120
yuba river,5,5,120
yuba river,5,6,120
yuba river,5,7,122.86
yuba river,5,8,125.71
yuba river,5,9,128.57
yuba river,5,10,131.43
yuba river,5,11,134.29
yuba river,5,12,137.14
yuba river,5,13,140
yuba river,5,14,140
yuba river,5,15,140
yuba river,5,16,140
yuba river,5,17,140
yuba river,5,18,140
yuba river,5,19,140
yuba river,5,20,140
yuba river,5,21,140
yuba river,5,22,140
yuba river,5,23,140
yuba river,5,24,140
yuba river,5,25,140
yuba river,5,26,140
yuba river,5,27,140
yuba river,5,28,140
yuba river,5,29,140
yuba river,5,30,140
yuba river,5,31,140
yuba river,6,1,140
yuba river,6,2,140
yuba river,6,3,140
yuba river,6,4,140
yuba river,6,5,140
yuba river,6,6,140
yuba river,6,7,140
yuba river,6,8,140
yuba river,6,9,140
yuba river,6,10,140
yuba river,6,11,140
yuba river,6,12,140
yuba river,6,13,140
yuba river,6,14,140
yuba river,6,15,140
yuba river,6,16,140
yuba river,6,17,140
yuba river,6,18,141.43
yuba river,6,19,142.86
yuba river,6,20,144.29
yuba river,6,21,145.71
yuba river,6,22,147.14
yuba river,6,23,148.57
yuba river,6,24,150
yuba river,6,25,150
yuba river,6,26,150
yuba river,6,27,150
yuba river,6,28,150
yuba river,6,29,150
yuba river,6,30,150
yuba river,7,1,150
yuba river,7,2,150
yuba river,7,3,150
yuba river,7,4,150
yuba river,7,5,150
yuba river,7,6,150
yuba river,7,7,150
yuba river,7,8,150
yuba river,7,9,150
yuba river,7,10,150
yuba river,7,11,150
yuba river,7,12,150
yuba river,7,13,150
yuba river,7,14,150
yuba river,7,15,150
yuba river,7,16,150
yuba river,7,17,150
yuba river,7,18,150
yuba river,7,19,150
yuba river,7,20,150
yuba river,7,21,150
yuba river,7,22,150
yuba river,7,23,151.43
yuba river,7,24,152.86
yuba river,7,25,154.29
yuba river,7,26,155.71
yuba river,7,27,157.14
yuba river,7,28,158.57
yuba river,7,29,160
yuba river,7,30,160
yuba river,7,31,160
yuba river,8,1,160
yuba river,8,2,160
yuba river,8,3,160
yuba river,8,4,160
yuba river,8,5,160
yuba river,8,6,160
yuba river,8,7,160
yuba river,8,8,160
yuba river,8,9,160
yuba river,8,10,160
yuba river,8,11,160
yuba river,8,12,160
yuba river,8,13,160
yuba river,8,14,160
yuba river,8,15,160
yuba river,8,16,160
yuba river,8,17,160
yuba river,8,18,160
yuba river,8,19,160
yuba river,8,20,160
yuba river,8,21,160
yuba river,8,22,160
yuba river,8,23,160
yuba river,8,24,160
yuba river,8,25,160
yuba river,8,26,160
yuba river,8,27,160
yuba river,8,28,160
yuba river,8,29,160
yuba river,8,30,160
yuba river,8,31,160
yuba river,9,1,160
yuba river,9,2,160
yuba river,9,3,160
yuba river,9,4,160
yuba river,9,5,160
yuba river,9,6,160
yuba river,9,7,160
yuba river,9,8,160
yuba river,9,9,160
yuba river,9,10,160
yuba river,9,11,160
yuba river,9,12,160
yuba river,9,13,160
yuba river,9,14,160
yuba river,9,15,160
yuba river,9,16,160
yuba river,9,17,160
yuba river,9,18,160
yuba river,9,19,160
yuba river,9,20,160
yuba river,9,21,160
yuba river,9,22,160
yuba river,9,23,160
yuba river,9,24,160
yuba river,9,25,160
yuba river,9,26,160
yuba river,9,27,160
yuba river,9,28,160
yuba river,9,29,160
yuba river,9,30,160
