projectDescriptionID,releaseID,releaseTime,commonName,markedRun,markedFishOrigin,sourceOfFishSite,releaseSite,releaseSubSite,nReleased,testDays,appliedMarkType,appliedMarkColor,appliedMarkPosition,appliedMarkCode,IncludeInAnalysis
2,1,1999-02-04T17:00:00Z,Chinook salmon,Fall,Natural,Not recorded,Eye riffle_release site,Eye Pool Left & Right RM 60.5,3181,2,Fin clip,Not applicable (n/a),Adipose fin,,No
2,255,1900-01-01T00:00:00Z,Not applicable (n/a),Not recorded,Unknown,Not applicable,Not applicable,,0,0,,,,,No
2,327,2011-12-05T11:30:00Z,Chinook salmon,Fall,Natural,Steep Riffle,Steep Riffle_release site,Not applicable (n/a),1093,7,Pigment / dye,Brown,Whole body,,Yes
2,328,2011-12-13T11:45:00Z,Chinook salmon,Fall,Natural,Steep Riffle,Steep Riffle_release site,Not applicable (n/a),211,7,Elastomer,Red,Nose,,Yes
2,329,2011-12-20T13:30:00Z,Chinook salmon,Fall,Natural,Steep Riffle,Steep Riffle_release site,Not applicable (n/a),318,7,Elastomer,Red,Nose,,Yes
2,330,2011-12-27T12:45:00Z,Chinook salmon,Fall,Natural,Steep Riffle,Steep Riffle_release site,Not applicable (n/a),309,7,Elastomer,Red,Nose,,Yes
2,331,2012-01-04T10:00:00Z,Chinook salmon,Fall,Natural,Steep Riffle,Steep Riffle_release site,Not applicable (n/a),300,5,Elastomer,Red,Nose,,Yes
2,332,2012-01-05T10:00:00Z,Chinook salmon,Fall,Natural,Steep Riffle,Steep Riffle_release site,Not applicable (n/a),309,7,Elastomer,Green,Nose,,Yes
2,333,2012-01-06T13:30:00Z,Chinook salmon,Fall,Natural,Steep Riffle,Steep Riffle_release site,Not applicable (n/a),299,7,Elastomer,Yellow,Nose,,Yes
2,334,2012-01-10T10:30:00Z,Chinook salmon,Fall,Natural,Steep Riffle,Steep Riffle_release site,Not applicable (n/a),300,7,Elastomer,Red,Nose,,Yes
2,335,2012-01-12T09:30:00Z,Chinook salmon,Fall,Natural,Steep Riffle,Steep Riffle_release site,Not applicable (n/a),296,6,Elastomer,Green,Nose,,Yes
2,336,2012-01-17T10:30:00Z,Chinook salmon,Fall,Natural,Steep Riffle,Steep Riffle_release site,Not applicable (n/a),299,7,Elastomer,Red,Nose,,Yes
2,337,2012-01-18T12:00:00Z,Chinook salmon,Fall,Natural,Steep Riffle,Steep Riffle_release site,Not applicable (n/a),288,7,Elastomer,Green,Nose,,Yes
2,339,2012-01-19T10:20:00Z,Chinook salmon,Fall,Natural,Steep Riffle,Steep Riffle_release site,Not applicable (n/a),300,7,Elastomer,Yellow,Nose,,Yes
2,340,2012-01-24T10:30:00Z,Chinook salmon,Fall,Natural,Steep Riffle,Steep Riffle_release site,Not applicable (n/a),298,7,Elastomer,Red,Nose,,Yes
2,341,2011-12-07T11:45:00Z,Chinook salmon,Fall,Natural,Steep Riffle,Steep Riffle_release site,Not applicable (n/a),193,7,Elastomer,Green,Nose,,No
2,342,2011-12-14T13:00:00Z,Chinook salmon,Fall,Natural,Steep Riffle,Steep Riffle_release site,Not applicable (n/a),320,7,Elastomer,Green,Nose,,No
2,343,2011-12-28T14:21:00Z,Chinook salmon,Fall,Natural,Steep Riffle,Steep Riffle_release site,Not applicable (n/a),317,7,Elastomer,Green,Nose,,No
2,344,2012-01-25T12:00:00Z,Chinook salmon,Fall,Natural,Steep Riffle,Steep Riffle_release site,Not applicable (n/a),298,7,Elastomer,Green,Nose,,Yes
2,345,2012-01-26T15:26:00Z,Chinook salmon,Fall,Natural,Steep Riffle,Steep Riffle_release site,Not applicable (n/a),293,7,Elastomer,Yellow,Nose,,Yes
2,346,2012-01-31T12:15:00Z,Chinook salmon,Fall,Natural,Steep Riffle,Steep Riffle_release site,Not applicable (n/a),299,7,Elastomer,Red,Nose,,Yes
2,347,2012-02-08T10:15:00Z,Chinook salmon,Fall,Natural,Steep Riffle,Steep Riffle_release site,Not applicable (n/a),150,7,Elastomer,Green,Nose,,Yes
2,348,2012-02-08T10:15:00Z,Chinook salmon,Fall,Natural,Steep Riffle,Steep Riffle_release site,Not applicable (n/a),149,7,Elastomer,White,Nose,,Yes
2,349,2012-02-09T12:15:00Z,Chinook salmon,Fall,Natural,Steep Riffle,Steep Riffle_release site,Not applicable (n/a),298,7,Elastomer,Yellow,Nose,,Yes
2,350,2012-02-14T12:15:00Z,Chinook salmon,Fall,Natural,Steep Riffle,Steep Riffle_release site,Not applicable (n/a),301,7,Elastomer,Red,Nose,,Yes
2,351,2012-02-15T12:08:00Z,Chinook salmon,Fall,Natural,Steep Riffle,Steep Riffle_release site,Not applicable (n/a),143,7,Elastomer,Green,Nose,,Yes
2,352,2012-02-15T12:08:00Z,Chinook salmon,Fall,Natural,Steep Riffle,Steep Riffle_release site,Not applicable (n/a),148,10,Elastomer,White,Nose,,Yes
2,353,2012-02-16T11:00:00Z,Chinook salmon,Fall,Natural,Steep Riffle,Steep Riffle_release site,Not applicable (n/a),226,7,Elastomer,Yellow,Nose,,Yes
2,354,2012-02-22T10:25:00Z,Chinook salmon,Fall,Natural,Steep Riffle,Steep Riffle_release site,Not applicable (n/a),295,7,Elastomer,Green,Nose,,Yes
2,355,2012-03-08T10:00:00Z,Chinook salmon,Fall,Natural,Steep Riffle,Steep Riffle_release site,Not applicable (n/a),248,7,Elastomer,Yellow,Nose,,Yes
2,356,2012-03-13T12:00:00Z,Chinook salmon,Fall,Natural,Steep Riffle,Steep Riffle_release site,Not applicable (n/a),246,7,Elastomer,Red,Nose,,Yes
2,357,2012-02-23T11:02:00Z,Chinook salmon,Fall,Natural,Steep Riffle,Steep Riffle_release site,Not applicable (n/a),291,7,Elastomer,Yellow,Nose,,Yes
2,358,2012-02-28T15:00:00Z,Chinook salmon,Fall,Natural,Steep Riffle,Steep Riffle_release site,Not applicable (n/a),295,7,Elastomer,Red,Nose,,Yes
2,359,2012-02-29T10:45:00Z,Chinook salmon,Fall,Natural,Steep Riffle,Steep Riffle_release site,Not applicable (n/a),300,7,Elastomer,Green,Nose,,Yes
2,360,2012-03-01T10:45:00Z,Chinook salmon,Fall,Natural,Steep Riffle,Steep Riffle_release site,Not applicable (n/a),298,7,Elastomer,Yellow,Nose,,Yes
2,361,2012-03-06T10:35:00Z,Chinook salmon,Fall,Natural,Steep Riffle,Steep Riffle_release site,Not applicable (n/a),294,7,Elastomer,Red,Nose,,Yes
2,362,2012-03-07T13:55:00Z,Chinook salmon,Fall,Natural,Steep Riffle,Steep Riffle_release site,Not applicable (n/a),243,7,Elastomer,Green,Nose,,Yes
2,363,2011-12-21T15:30:00Z,Chinook salmon,Fall,Natural,Steep Riffle,Steep Riffle_release site,Not applicable (n/a),148,7,Elastomer,Pink,Nose,,No
2,364,2012-02-01T10:00:00Z,Chinook salmon,Fall,Natural,Steep Riffle,Steep Riffle_release site,Not applicable (n/a),150,7,Elastomer,Green,Nose,,Yes
2,365,2012-02-01T10:00:00Z,Chinook salmon,Fall,Natural,Steep Riffle,Steep Riffle_release site,Not applicable (n/a),148,7,Elastomer,White,Nose,,Yes
2,366,2012-02-02T15:30:00Z,Chinook salmon,Fall,Natural,Steep Riffle,Steep Riffle_release site,Not applicable (n/a),298,7,Elastomer,Yellow,Nose,,Yes
2,367,2012-02-07T10:30:00Z,Chinook salmon,Fall,Natural,Steep Riffle,Steep Riffle_release site,Not applicable (n/a),299,7,Elastomer,Red,Nose,,Yes
2,368,2011-12-21T15:30:00Z,Chinook salmon,Fall,Natural,Steep Riffle,Steep Riffle_release site,Not applicable (n/a),39,7,Elastomer,Green,Nose,,No
2,369,2011-12-07T13:15:00Z,Chinook salmon,Fall,Natural,Steep Riffle,Herringer_release site,Not applicable (n/a),195,7,Elastomer,Blue,Nose,,Yes
2,370,2011-12-13T13:00:00Z,Chinook salmon,Fall,Natural,Steep Riffle,Herringer_release site,Not applicable (n/a),1017,7,Pigment / dye,Brown,Whole body,,Yes
2,371,2011-12-20T14:00:00Z,Chinook salmon,Fall,Natural,Steep Riffle,Herringer_release site,Not applicable (n/a),992,7,Pigment / dye,Brown,Whole body,,Yes
2,372,2011-12-27T14:00:00Z,Chinook salmon,Fall,Natural,Steep Riffle,Herringer_release site,Not applicable (n/a),995,2,Pigment / dye,Brown,Whole body,,No
2,373,2012-01-04T13:45:00Z,Chinook salmon,Fall,Natural,Steep Riffle,Herringer_release site,Not applicable (n/a),1695,4,Pigment / dye,Brown,Whole body,,Yes
2,374,2012-01-05T13:00:00Z,Chinook salmon,Fall,Natural,Steep Riffle,Herringer_release site,Not applicable (n/a),496,7,Elastomer,Blue,Nose,,No
2,375,2012-01-10T23:15:00Z,Chinook salmon,Fall,Natural,Steep Riffle,Herringer_release site,Not applicable (n/a),995,6,Pigment / dye,Brown,Whole body,,Yes
2,376,2012-01-12T23:00:00Z,Chinook salmon,Fall,Natural,Steep Riffle,Herringer_release site,Not applicable (n/a),511,5,Elastomer,Blue,Nose,,Yes
2,377,2012-01-17T12:00:00Z,Chinook salmon,Fall,Natural,Steep Riffle,Herringer_release site,Not applicable (n/a),1994,7,Pigment / dye,Brown,Whole body,,Yes
2,378,2012-01-18T14:00:00Z,Chinook salmon,Fall,Natural,Steep Riffle,Herringer_release site,Not applicable (n/a),498,7,Elastomer,Blue,Nose,,Yes
2,379,2012-01-24T10:30:00Z,Chinook salmon,Fall,Natural,Steep Riffle,Herringer_release site,Not applicable (n/a),1998,7,Pigment / dye,Brown,Whole body,,Yes
2,380,2012-01-26T12:00:00Z,Chinook salmon,Fall,Natural,Steep Riffle,Herringer_release site,Not applicable (n/a),500,7,Elastomer,Blue,Nose,,Yes
2,381,2012-01-31T12:00:00Z,Chinook salmon,Fall,Natural,Steep Riffle,Herringer_release site,Not applicable (n/a),1998,7,Pigment / dye,Brown,Whole body,,Yes
2,382,2012-02-02T15:00:00Z,Chinook salmon,Fall,Natural,Steep Riffle,Herringer_release site,Not applicable (n/a),490,7,Elastomer,Blue,Nose,,Yes
2,383,2012-02-07T00:00:00Z,Chinook salmon,Fall,Natural,Steep Riffle,Herringer_release site,Not applicable (n/a),1995,7,Pigment / dye,Brown,Whole body,,Yes
2,384,2012-02-09T10:00:00Z,Chinook salmon,Fall,Natural,Steep Riffle,Herringer_release site,Herringer Release boxes,492,7,Elastomer,Blue,Nose,,Yes
2,385,2012-02-14T11:00:00Z,Chinook salmon,Fall,Natural,Steep Riffle,Herringer_release site,Herringer Release boxes,654,7,Pigment / dye,Brown,Whole body,,Yes
2,386,2012-02-16T14:00:00Z,Chinook salmon,Fall,Natural,Steep Riffle,Herringer_release site,Herringer Release boxes,432,7,Elastomer,Blue,Nose,,Yes
2,387,2012-02-22T12:00:00Z,Chinook salmon,Fall,Natural,Steep Riffle,Herringer_release site,Not applicable (n/a),1155,5,Pigment / dye,Brown,Whole body,,Yes
2,388,2012-02-28T12:20:00Z,Chinook salmon,Fall,Natural,Steep Riffle,Herringer_release site,Not applicable (n/a),614,7,Pigment / dye,Brown,Whole body,,Yes
2,389,2012-03-01T12:00:00Z,Chinook salmon,Fall,Natural,Steep Riffle,Herringer_release site,Not applicable (n/a),400,7,Elastomer,Blue,Nose,,Yes
2,390,2012-03-06T13:00:00Z,Chinook salmon,Fall,Natural,Steep Riffle,Herringer_release site,Not applicable (n/a),496,7,Pigment / dye,Brown,Whole body,,Yes
2,391,2012-03-08T12:35:00Z,Chinook salmon,Fall,Natural,Steep Riffle,Herringer_release site,Not applicable (n/a),454,7,Elastomer,Blue,Nose,,Yes
2,392,2012-03-15T12:00:00Z,Chinook salmon,Fall,Natural,Steep Riffle,Herringer_release site,Not applicable (n/a),488,7,Pigment / dye,Brown,Whole body,,Yes
2,393,2012-03-22T12:00:00Z,Chinook salmon,Fall,Natural,Steep Riffle,Herringer_release site,Not applicable (n/a),453,7,Pigment / dye,Brown,Whole body,,Yes
2,394,2012-03-29T14:30:00Z,Chinook salmon,Fall,Natural,Steep Riffle,Herringer_release site,Not applicable (n/a),556,7,Pigment / dye,Brown,Whole body,,Yes
2,395,2012-04-04T14:00:00Z,Chinook salmon,Fall,Natural,Steep Riffle,Herringer_release site,Not applicable (n/a),123,7,Elastomer,Red,Nose,,Yes
2,489,2014-01-08T12:00:00Z,Chinook salmon,Fall,Natural,Gateway Riffle,Gateway_release site,next to Gateway release boxes,506,8,Elastomer,Green,Nose,,Yes
2,490,2014-01-09T21:00:00Z,Chinook salmon,Fall,Natural,Gateway Riffle,Gateway_release site,Gateway release boxes,494,6,Elastomer,Orange,Nose,,Yes
2,491,2014-01-15T21:00:00Z,Chinook salmon,Fall,Natural,Gateway Riffle,Gateway_release site,Gateway release boxes,442,3,Elastomer,Purple / Violet,Nose,,Yes
2,492,2014-01-16T12:40:00Z,Chinook salmon,Fall,Natural,Gateway Riffle,Gateway_release site,next to Gateway release boxes,429,4,Elastomer,Green,Nose,,Yes
2,493,2014-01-22T10:38:00Z,Chinook salmon,Fall,Natural,Gateway Riffle,Gateway_release site,next to Gateway release boxes,500,3,Elastomer,Orange,Nose,,Yes
2,494,2014-01-23T21:00:00Z,Chinook salmon,Fall,Natural,Gateway Riffle,Gateway_release site,Gateway release boxes,499,3,Elastomer,Purple / Violet,Nose,,Yes
2,495,2014-01-29T21:00:00Z,Chinook salmon,Fall,Natural,Gateway Riffle,Gateway_release site,Gateway release boxes,498,3,Elastomer,Green,Nose,,Yes
2,496,2014-01-30T13:30:00Z,Chinook salmon,Fall,Natural,Gateway Riffle,Gateway_release site,next to Gateway release boxes,490,3,Elastomer,Orange,Nose,,Yes
2,498,2014-01-08T14:30:00Z,Chinook salmon,Fall,Natural,Gateway Riffle,Herringer_release site,next to Herringer Release boxes,498,3,Elastomer,White,Nose,,Yes
2,499,2014-01-09T21:00:00Z,Chinook salmon,Fall,Natural,Gateway Riffle,Herringer_release site,Herringer Release boxes,586,3,Elastomer,Blue,Nose,,Yes
2,500,2014-01-15T21:00:00Z,Chinook salmon,Fall,Natural,Gateway Riffle,Herringer_release site,Herringer Release boxes,430,4,Elastomer,Red,Nose,,Yes
2,501,2014-01-16T10:15:00Z,Chinook salmon,Fall,Natural,Gateway Riffle,Herringer_release site,next to Herringer Release boxes,450,4,Elastomer,White,Nose,,Yes
2,502,2014-01-22T14:41:00Z,Chinook salmon,Fall,Natural,Gateway Riffle,Herringer_release site,next to Herringer Release boxes,495,3,Elastomer,Blue,Nose,,Yes
2,503,2014-01-23T21:00:00Z,Chinook salmon,Fall,Natural,Gateway Riffle,Herringer_release site,Herringer Release boxes,501,7,Elastomer,Red,Nose,,Yes
2,504,2014-01-29T21:00:00Z,Chinook salmon,Fall,Natural,Gateway Riffle,Herringer_release site,Herringer Release boxes,500,5,Elastomer,White,Nose,,Yes
2,505,2014-01-30T10:23:00Z,Chinook salmon,Fall,Natural,Gateway Riffle,Herringer_release site,next to Herringer Release boxes,543,4,Elastomer,Blue,Nose,,Yes
2,506,2014-02-05T21:00:00Z,Chinook salmon,Fall,Natural,Gateway Riffle,Herringer_release site,Herringer Release boxes,499,3,Elastomer,Red,Nose,,Yes
2,507,2014-02-06T14:29:00Z,Chinook salmon,Fall,Natural,Gateway Riffle,Herringer_release site,next to Herringer Release boxes,559,3,Elastomer,White,Nose,,Yes
2,508,2014-02-05T21:00:00Z,Chinook salmon,Fall,Natural,Gateway Riffle,Gateway_release site,Gateway release boxes,545,5,Elastomer,Orange,Nose,,Yes
2,509,2014-02-06T11:37:00Z,Chinook salmon,Fall,Natural,Gateway Riffle,Gateway_release site,next to Gateway release boxes,593,3,Elastomer,Green,Nose,,Yes
2,510,2014-02-12T14:30:00Z,Chinook salmon,Fall,Natural,Gateway Riffle,Herringer_release site,next to Herringer Release boxes,492,4,Elastomer,Red,Nose,,Yes
2,511,2014-02-13T21:00:00Z,Chinook salmon,Fall,Natural,Gateway Riffle,Herringer_release site,Herringer Release boxes,500,3,Elastomer,White,Nose,,Yes
2,512,2014-02-12T12:11:00Z,Chinook salmon,Fall,Natural,Gateway Riffle,Gateway_release site,next to Gateway release boxes,497,3,Elastomer,Orange,Nose,,Yes
2,513,2014-02-13T21:00:00Z,Chinook salmon,Fall,Natural,Herringer Riffle,Gateway_release site,Gateway release boxes,551,3,Elastomer,Green,Nose,,Yes
2,531,2014-02-20T21:00:00Z,Chinook salmon,Fall,Natural,Gateway Riffle,Herringer_release site,Herringer Release boxes,473,3,Elastomer,Red,Nose,,Yes
2,532,2014-02-25T13:15:00Z,Chinook salmon,Fall,Natural,Gateway Riffle,Herringer_release site,next to Herringer Release boxes,465,3,Elastomer,Red,Nose,,Yes
2,533,2014-02-26T12:00:00Z,Chinook salmon,Fall,Natural,Gateway Riffle,Herringer_release site,next to Herringer Release boxes,476,3,Elastomer,White,Nose,,Yes
2,534,2014-03-06T13:10:00Z,Chinook salmon,Fall,Natural,Gateway Riffle,Herringer_release site,next to Herringer Release boxes,510,2,Elastomer,Blue,Nose,,Yes
2,535,2014-03-07T10:20:00Z,Chinook salmon,Fall,Natural,Gateway Riffle,Herringer_release site,Herringer Release boxes,226,5,Elastomer,Red,Nose,,Yes
2,536,2014-03-07T10:20:00Z,Chinook salmon,Fall,Natural,Gateway Riffle,Herringer_release site,next to Herringer Release boxes,201,2,Elastomer,White,Nose,,Yes
2,537,2014-03-13T13:43:00Z,Chinook salmon,Fall,Natural,Gateway Riffle,Herringer_release site,next to Herringer Release boxes,447,3,Elastomer,Red,Nose,,Yes
2,538,2014-03-14T12:00:00Z,Chinook salmon,Fall,Natural,Gateway Riffle,Herringer_release site,next to Herringer Release boxes,239,4,Elastomer,White,Nose,,Yes
2,539,2014-03-14T12:00:00Z,Chinook salmon,Fall,Natural,Gateway Riffle,Herringer_release site,next to Herringer Release boxes,240,3,Elastomer,Blue,Nose,,Yes
2,540,2014-03-20T10:52:00Z,Chinook salmon,Fall,Natural,Gateway Riffle,Herringer_release site,next to Herringer Release boxes,478,3,Elastomer,Red,Nose,,Yes
2,541,2014-03-21T09:45:00Z,Chinook salmon,Fall,Natural,Gateway Riffle,Herringer_release site,next to Herringer Release boxes,246,3,Elastomer,White,Nose,,Yes
2,542,2014-02-19T21:00:00Z,Chinook salmon,Fall,Natural,Gateway Riffle,Gateway_release site,Gateway release boxes,499,3,Pigment / dye,Brown,Whole body,,Yes
2,543,2014-02-25T12:00:00Z,Chinook salmon,Fall,Natural,Gateway Riffle,Gateway_release site,next to Gateway release boxes,365,3,Elastomer,Orange,Nose,,Yes
2,544,2014-02-26T12:25:00Z,Chinook salmon,Fall,Natural,Gateway Riffle,Gateway_release site,next to Gateway release boxes,495,3,Elastomer,Green,Nose,,Yes
2,545,2014-02-26T21:00:00Z,Chinook salmon,Fall,Natural,Gateway Riffle,Gateway_release site,Gateway release boxes,404,3,Elastomer,Purple / Violet,Nose,,Yes
2,546,2014-03-06T11:55:00Z,Chinook salmon,Fall,Natural,Gateway Riffle,Gateway_release site,next to Gateway release boxes,483,3,Elastomer,Orange,Nose,,Yes
2,547,2014-03-07T12:00:00Z,Chinook salmon,Fall,Natural,Gateway Riffle,Gateway_release site,next to Gateway release boxes,201,3,Elastomer,Green,Nose,,Yes
2,548,2014-03-07T21:00:00Z,Chinook salmon,Fall,Natural,Gateway Riffle,Gateway_release site,Gateway release boxes,242,3,Elastomer,Purple / Violet,Nose,,Yes
2,549,2014-03-13T12:00:00Z,Chinook salmon,Fall,Natural,Gateway Riffle,Gateway_release site,next to Gateway release boxes,459,4,Elastomer,Purple / Violet,Nose,,Yes
2,550,2014-03-14T21:00:00Z,Chinook salmon,Fall,Natural,Gateway Riffle,Gateway_release site,Gateway release boxes,231,3,Elastomer,Orange,Nose,,Yes
2,551,2014-03-14T12:00:00Z,Chinook salmon,Fall,Natural,Gateway Riffle,Gateway_release site,next to Gateway release boxes,235,3,Elastomer,Green,Nose,,Yes
2,552,2014-03-20T10:05:00Z,Chinook salmon,Fall,Natural,Gateway Riffle,Gateway_release site,next to Gateway release boxes,488,3,Elastomer,Purple / Violet,Nose,,Yes
2,553,2014-03-21T12:00:00Z,Chinook salmon,Fall,Natural,Gateway Riffle,Gateway_release site,next to Gateway release boxes,181,3,Elastomer,Orange,Nose,,Yes
2,554,2014-03-25T12:00:00Z,Chinook salmon,Fall,Natural,Gateway Riffle,Gateway_release site,next to Gateway release boxes,63,3,Elastomer,Green,Nose,,No
2,586,2015-01-06T10:30:00Z,Chinook salmon,Fall,Natural,Gateway Riffle,Gateway_release site,Gateway release_RL & RR,513,3,Elastomer,Green,Nose,,No
2,587,2015-01-07T13:11:00Z,Chinook salmon,Fall,Natural,Gateway Riffle,Gateway_release site,Gateway release_RL & RR,485,7,Elastomer,Orange,Nose,,No
2,588,2015-01-13T13:01:00Z,Chinook salmon,Fall,Natural,Gateway Riffle,Gateway_release site,Gateway release_RL & RR,482,7,Elastomer,Purple / Violet,Nose,,No
2,589,2015-01-14T12:19:00Z,Chinook salmon,Fall,Natural,Gateway Riffle,Gateway_release site,Gateway release_RL & RR,997,7,Elastomer,Green,Nose,,No
2,590,2015-01-21T13:20:00Z,Chinook salmon,Fall,Natural,Gateway Riffle,Gateway_release site,Gateway release_RL & RR,879,4,Elastomer,Orange,Nose,,No
2,591,2015-01-22T12:03:00Z,Chinook salmon,Fall,Natural,Gateway Riffle,Gateway_release site,Gateway release_RL & RR,607,7,Elastomer,Purple / Violet,Nose,,No
2,592,2015-01-27T22:30:00Z,Chinook salmon,Fall,Natural,Gateway Riffle,Gateway_release site,Gateway release_RL & RR,696,4,Elastomer,Green,Nose,,Yes
2,593,2015-01-28T12:12:00Z,Chinook salmon,Fall,Natural,Gateway Riffle,Gateway_release site,Gateway release_RL & RR,715,9,Elastomer,Orange,Nose,,Yes
2,594,2015-02-03T12:10:00Z,Chinook salmon,Fall,Natural,Gateway Riffle,Gateway_release site,Gateway release_RL & RR,486,4,Elastomer,Purple / Violet,Nose,,No
2,595,2015-02-04T13:00:00Z,Chinook salmon,Fall,Natural,Gateway Riffle,Gateway_release site,Gateway release_RL & RR,790,4,Elastomer,Green,Nose,,Yes
2,596,2015-02-10T15:38:00Z,Chinook salmon,Fall,Natural,Gateway Riffle,Gateway_release site,Gateway release_RL & RR,471,4,Elastomer,Purple / Violet,Nose,,No
2,597,2015-02-10T15:37:00Z,Chinook salmon,Fall,Natural,Gateway Riffle,Gateway_release site,Gateway release_RL & RR,481,4,Elastomer,Blue,Nose,,No
2,598,2015-02-11T16:35:00Z,Chinook salmon,Fall,Natural,Gateway Riffle,Gateway_release site,Gateway release_RL & RR,1031,4,Elastomer,Green,Nose,,Yes
2,599,2015-02-13T10:30:00Z,Chinook salmon,Fall,Natural,Gateway Riffle,Gateway_release site,Gateway release_RL & RR,490,4,Elastomer,Orange,Nose,,Yes
2,600,2015-02-18T14:43:00Z,Chinook salmon,Fall,Natural,Gateway Riffle,Gateway_release site,Gateway release_RL & RR,744,4,Elastomer,Purple / Violet,Nose,,No
2,601,2015-02-19T10:29:00Z,Chinook salmon,Fall,Natural,Gateway Riffle,Gateway_release site,Gateway release_RL & RR,494,4,Elastomer,Green,Nose,,Yes
2,602,2015-02-20T14:00:00Z,Chinook salmon,Fall,Natural,Gateway Riffle,Gateway_release site,Gateway release_RL & RR,471,3,Elastomer,Pink,Nose,,Yes
2,603,2015-02-24T12:26:00Z,Chinook salmon,Fall,Natural,Gateway Riffle,Gateway_release site,Gateway release_RL & RR,690,7,Elastomer,Orange,Nose,,Yes
2,604,2015-02-26T11:00:00Z,Chinook salmon,Fall,Natural,Gateway Riffle,Gateway_release site,Gateway release_RL & RR,393,7,Elastomer,Purple / Violet,Nose,,Yes
2,605,2015-02-27T13:30:00Z,Chinook salmon,Fall,Natural,Gateway Riffle,Gateway_release site,Gateway release_RL & RR,490,4,Elastomer,Green,Nose,,No
2,606,2015-01-21T16:18:00Z,Chinook salmon,Fall,Natural,Gateway Riffle,Herringer_release site,Herringer release_ RL & RR,981,4,Elastomer,White,Nose,,Yes
2,607,2015-01-22T12:25:00Z,Chinook salmon,Fall,Natural,Gateway Riffle,Herringer_release site,Herringer release_ RL & RR,589,10,Elastomer,Blue,Nose,,Yes
2,608,2015-01-27T13:03:00Z,Chinook salmon,Fall,Natural,Gateway Riffle,Herringer_release site,Herringer release_ RL & RR,730,4,Elastomer,Red,Nose,,Yes
2,609,2015-01-28T12:44:00Z,Chinook salmon,Fall,Natural,Gateway Riffle,Herringer_release site,Herringer release_ RL & RR,713,7,Elastomer,White,Nose,,Yes
2,610,2015-02-03T11:20:00Z,Chinook salmon,Fall,Natural,Gateway Riffle,Herringer_release site,Herringer release_ RL & RR,989,7,Elastomer,Blue,Nose,,Yes
2,611,2015-02-04T13:10:00Z,Chinook salmon,Fall,Natural,Gateway Riffle,Herringer_release site,Herringer release_ RL & RR,801,6,Elastomer,Red,Nose,,Yes
2,612,2015-02-11T14:00:00Z,Chinook salmon,Fall,Natural,Gateway Riffle,Herringer_release site,Herringer release_ RL & RR,995,7,Elastomer,Red,Nose,,Yes
2,613,2015-02-13T13:27:00Z,Chinook salmon,Fall,Natural,Herringer Riffle,Herringer_release site,Herringer release_ RL & RR,494,7,Elastomer,White,Nose,,Yes
2,614,2015-02-18T16:00:00Z,Chinook salmon,Fall,Natural,Gateway Riffle,Herringer_release site,Herringer release_ RL & RR,487,7,Elastomer,Blue,Nose,,Yes
2,615,2015-02-19T12:52:00Z,Chinook salmon,Fall,Natural,Gateway Riffle,Herringer_release site,Herringer release_ RL & RR,479,7,Elastomer,Red,Nose,,Yes
2,616,2015-02-20T11:02:00Z,Chinook salmon,Fall,Natural,Gateway Riffle,Herringer_release site,Herringer release_ RL & RR,371,7,Elastomer,Yellow,Nose,,Yes
2,617,2015-02-24T16:15:00Z,Chinook salmon,Fall,Natural,Gateway Riffle,Herringer_release site,Herringer release_ RL & RR,651,6,Elastomer,White,Nose,,Yes
2,618,2015-02-26T12:30:00Z,Chinook salmon,Fall,Natural,Gateway Riffle,Herringer_release site,Herringer release_ RL & RR,411,5,Elastomer,Blue,Nose,,Yes
2,619,2015-02-27T11:10:00Z,Chinook salmon,Fall,Natural,Gateway Riffle,Herringer_release site,Herringer release_ RL & RR,462,5,Elastomer,Red,Nose,,Yes
2,620,2015-03-03T12:20:00Z,Chinook salmon,Fall,Natural,Gateway Riffle,Herringer_release site,Herringer release_ RL & RR,345,6,Elastomer,White,Nose,,Yes
2,621,2015-03-03T09:30:00Z,Chinook salmon,Fall,Natural,Steep Riffle,Steep Riffle_release site,Steep release_RR & RL,303,8,Elastomer,Orange,Nose,,Yes
2,622,2015-03-04T16:20:00Z,Chinook salmon,Fall,Natural,Gateway Riffle,Steep Riffle_release site,Steep release_RR & RL,292,7,Elastomer,Purple / Violet,Nose,,Yes
2,623,2015-03-06T14:00:00Z,Chinook salmon,Fall,Natural,Steep Riffle,Steep Riffle_release site,Steep release_RR & RL,492,7,Elastomer,Green,Nose,,Yes
2,624,2015-03-10T14:32:00Z,Chinook salmon,Fall,Natural,Steep Riffle,Steep Riffle_release site,Steep release_RR & RL,520,7,Elastomer,Orange,Nose,,Yes
2,625,2015-03-11T08:30:00Z,Chinook salmon,Fall,Natural,Steep Riffle,Steep Riffle_release site,Steep release_RR & RL,507,7,Elastomer,Purple / Violet,Nose,,Yes
2,626,2015-03-25T12:28:00Z,Chinook salmon,Fall,Natural,Steep Riffle,Steep Riffle_release site,Steep release_RR & RL,242,7,Elastomer,Purple / Violet,Nose,,Yes
2,627,2015-03-27T12:30:00Z,Chinook salmon,Fall,Natural,Steep Riffle,Steep Riffle_release site,Steep release_RR & RL,328,3,Elastomer,Orange,Nose,,Yes
2,628,2015-03-04T12:10:00Z,Chinook salmon,Fall,Natural,Herringer Riffle,Herringer_release site,Herringer release_ RL & RR,278,5,Elastomer,Blue,Nose,,Yes
2,629,2015-03-06T12:17:00Z,Chinook salmon,Fall,Natural,Herringer Riffle,Herringer_release site,Herringer release_ RL & RR,496,29,Elastomer,Red,Nose,,Yes
2,632,2015-03-27T10:00:00Z,Chinook salmon,Fall,Natural,Steep Riffle,Herringer_release site,Herringer release_ RL & RR,254,7,Pigment / dye,Brown,Whole body,,No
2,633,2015-03-31T12:00:00Z,Chinook salmon,Fall,Natural,Steep Riffle,Steep Riffle_release site,Steep release_RR & RL,251,20,Elastomer,Orange,Nose,,Yes
2,634,2015-03-24T15:40:00Z,Chinook salmon,Fall,Natural,Steep Riffle,Herringer_release site,Herringer release_ RL & RR,244,6,Elastomer,White,Nose,,Yes
2,635,2015-12-30T13:27:00Z,Chinook salmon,Fall,Natural,Gateway Riffle,Gateway_release site,Gateway release_RL & RR,271,7,Elastomer,Orange,Nose,,Yes
2,636,2015-12-31T13:58:00Z,Chinook salmon,Fall,Natural,Gateway Riffle,Gateway_release site,Gateway release_RL & RR,1008,7,Elastomer,Green,Nose,,Yes
2,638,2016-01-01T12:39:00Z,Chinook salmon,Fall,Natural,Gateway Riffle,Gateway_release site,Gateway release_RL & RR,589,7,Elastomer,Purple / Violet,Nose,,Yes
2,639,2016-01-05T12:01:00Z,Chinook salmon,Fall,Natural,Gateway Riffle,Gateway_release site,Gateway release_RL & RR,1014,7,Elastomer,Orange,Nose,,Yes
2,640,2016-01-06T15:00:00Z,Chinook salmon,Fall,Natural,Gateway Riffle,Gateway_release site,Gateway release_RL & RR,345,7,Elastomer,Green,Nose,,Yes
2,641,2016-01-07T10:00:00Z,Chinook salmon,Fall,Natural,Gateway Riffle,Gateway_release site,Gateway release_RL & RR,997,4,Elastomer,Purple / Violet,Nose,,Yes
2,642,2016-01-14T13:50:00Z,Chinook salmon,Fall,Natural,Gateway Riffle,Gateway_release site,Gateway release_RL & RR,482,7,Elastomer,Red,Nose,,Yes
2,643,2016-01-19T16:30:00Z,Chinook salmon,Fall,Natural,Gateway Riffle,Gateway_release site,Gateway release_RL & RR,998,6,Elastomer,Green,Nose,,Yes
2,644,2016-01-25T17:10:00Z,Chinook salmon,Fall,Natural,Gateway Riffle,Gateway_release site,Gateway release_RL & RR,1006,4,Elastomer,Green,Nose,,Yes
2,645,2016-01-26T14:30:00Z,Chinook salmon,Fall,Natural,Gateway Riffle,Gateway_release site,Gateway release_RL & RR,1007,4,Elastomer,Pink,Nose,,Yes
2,646,2016-02-01T14:05:00Z,Chinook salmon,Fall,Natural,Gateway Riffle,Gateway_release site,Gateway release_RL & RR,737,4,Elastomer,Green,Nose,,Yes
2,647,2016-02-02T13:30:00Z,Chinook salmon,Fall,Natural,Gateway Riffle,Gateway_release site,Gateway release_RL & RR,895,4,Elastomer,Pink,Nose,,Yes
2,648,2016-02-08T13:48:00Z,Chinook salmon,Fall,Natural,Gateway Riffle,Gateway_release site,Gateway release_RL & RR,1004,4,Elastomer,Green,Nose,,Yes
2,649,2016-02-09T11:15:00Z,Chinook salmon,Fall,Natural,Gateway Riffle,Gateway_release site,Gateway release_RL & RR,938,4,Elastomer,Pink,Nose,,Yes
2,650,2016-02-16T13:00:00Z,Chinook salmon,Fall,Natural,Gateway Riffle,Gateway_release site,Gateway release_RL & RR,1006,4,Elastomer,Green,Nose,,Yes
2,651,2016-02-17T12:10:00Z,Chinook salmon,Fall,Natural,Gateway Riffle,Gateway_release site,Gateway release_RL & RR,508,4,Elastomer,Pink,Nose,,Yes
2,652,2016-02-22T15:17:00Z,Chinook salmon,Fall,Natural,Gateway Riffle,Gateway_release site,Gateway release_RL & RR,385,4,Elastomer,Green,Nose,,Yes
2,653,2016-02-23T12:20:00Z,Chinook salmon,Fall,Natural,Gateway Riffle,Gateway_release site,Gateway release_RL & RR,995,4,Elastomer,Pink,Nose,,Yes
2,654,2016-02-29T13:06:00Z,Chinook salmon,Fall,Natural,Gateway Riffle,Gateway_release site,Gateway release_RL & RR,653,4,Elastomer,Green,Nose,,Yes
2,655,2016-03-01T13:28:00Z,Chinook salmon,Fall,Natural,Gateway Riffle,Gateway_release site,Gateway release_RL & RR,589,4,Elastomer,Pink,Nose,,Yes
2,656,2015-12-31T13:30:00Z,Chinook salmon,Fall,Natural,Gateway Riffle,Herringer_release site,Herringer release_ RL & RR,992,7,Elastomer,White,Nose,,Yes
2,657,2015-12-30T15:20:00Z,Chinook salmon,Fall,Natural,Gateway Riffle,Herringer_release site,Herringer release_ RL & RR,279,7,Elastomer,Blue,Nose,,Yes
2,658,2016-01-01T11:54:00Z,Chinook salmon,Fall,Natural,Gateway Riffle,Herringer_release site,Herringer release_ RL & RR,496,7,Elastomer,Red,Nose,,Yes
2,659,2016-01-05T10:30:00Z,Chinook salmon,Fall,Natural,Gateway Riffle,Herringer_release site,Herringer release_ RL & RR,889,7,Elastomer,Blue,Nose,,Yes
2,660,2016-01-06T11:00:00Z,Chinook salmon,Fall,Natural,Gateway Riffle,Herringer_release site,Herringer release_ RL & RR,349,7,Elastomer,White,Nose,,No
2,661,2016-01-07T11:45:00Z,Chinook salmon,Fall,Natural,Gateway Riffle,Herringer_release site,Herringer release_ RL & RR,727,7,Elastomer,Red,Nose,,No
2,662,2016-01-12T12:08:00Z,Chinook salmon,Fall,Natural,Gateway Riffle,Herringer_release site,Herringer release_ RL & RR,996,7,Elastomer,Orange,Nose,,Yes
2,663,2016-01-12T12:08:00Z,Chinook salmon,Fall,Natural,Gateway Riffle,Herringer_release site,Herringer release_ RL & RR,1005,7,Elastomer,Blue,Nose,,Yes
2,664,2016-01-14T11:45:00Z,Chinook salmon,Fall,Natural,Gateway Riffle,Herringer_release site,Herringer release_ RL & RR,400,4,Elastomer,Purple / Violet,Nose,,Yes
2,665,2016-01-19T08:45:00Z,Chinook salmon,Fall,Natural,Gateway Riffle,Herringer_release site,Herringer release_ RL & RR,684,4,Elastomer,Orange,Nose,,Yes
2,666,2016-01-25T16:05:00Z,Chinook salmon,Fall,Natural,Gateway Riffle,Herringer_release site,Herringer release_ RL & RR,517,4,Elastomer,Orange,Nose,,Yes
2,667,2016-01-26T15:35:00Z,Chinook salmon,Fall,Natural,Gateway Riffle,Herringer_release site,Herringer release_ RL & RR,600,4,Elastomer,White,Nose,,Yes
2,668,2016-02-01T15:55:00Z,Chinook salmon,Fall,Natural,Gateway Riffle,Herringer_release site,Herringer release_ RL & RR,988,4,Elastomer,Orange,Nose,,Yes
2,669,2016-02-02T15:25:00Z,Chinook salmon,Fall,Natural,Gateway Riffle,Herringer_release site,Herringer release_ RL & RR,1001,4,Elastomer,White,Nose,,Yes
2,670,2016-02-08T15:38:00Z,Chinook salmon,Fall,Natural,Gateway Riffle,Herringer_release site,Herringer release_ RL & RR,919,4,Elastomer,Orange,Nose,,Yes
2,671,2016-02-09T15:34:00Z,Chinook salmon,Fall,Natural,Gateway Riffle,Herringer_release site,Herringer release_ RL & RR,761,4,Elastomer,White,Nose,,Yes
2,672,2016-02-16T16:00:00Z,Chinook salmon,Fall,Natural,Gateway Riffle,Herringer_release site,Herringer release_ RL & RR,1058,4,Elastomer,Orange,Nose,,Yes
2,673,2016-02-17T16:00:00Z,Chinook salmon,Fall,Natural,Gateway Riffle,Herringer_release site,Herringer release_ RL & RR,611,4,Elastomer,White,Nose,,Yes
2,674,2016-02-22T12:45:00Z,Chinook salmon,Fall,Natural,Gateway Riffle,Herringer_release site,Herringer release_ RL & RR,389,4,Elastomer,Orange,Nose,,Yes
2,675,2016-02-23T12:00:00Z,Chinook salmon,Fall,Natural,Gateway Riffle,Herringer_release site,Herringer release_ RL & RR,1112,4,Elastomer,White,Nose,,Yes
2,676,2016-02-29T15:55:00Z,Chinook salmon,Fall,Natural,Gateway Riffle,Herringer_release site,Herringer release_ RL & RR,691,4,Elastomer,Orange,Nose,,Yes
2,677,2016-03-01T12:00:00Z,Chinook salmon,Fall,Natural,Gateway Riffle,Herringer_release site,Herringer release_ RL & RR,674,4,Elastomer,White,Nose,,Yes
2,678,2017-01-09T16:35:00Z,Chinook salmon,Fall,Natural,Gateway Riffle,Gateway_release site,Gateway release_RL & RR,230,7,Elastomer,Purple / Violet,Nose,,Yes
2,679,2017-01-10T15:00:00Z,Chinook salmon,Fall,Natural,Gateway Riffle,Gateway_release site,Gateway release_RL & RR,1530,7,Elastomer,Orange,Nose,,Yes
2,680,2017-01-26T21:53:00Z,Chinook salmon,Fall,Natural,Gateway Riffle,Gateway_release site,Gateway release_RL & RR,287,7,Elastomer,Purple / Violet,Nose,,Yes
2,681,2017-01-31T12:45:00Z,Chinook salmon,Fall,Natural,Gateway Riffle,Gateway_release site,,998,7,Elastomer,White,Nose,,Yes
2,682,2017-01-31T12:43:00Z,Chinook salmon,Fall,Natural,Gateway Riffle,Gateway Riffle,,1,7,Elastomer,Green,Nose,,No
2,683,2017-02-01T10:00:00Z,Chinook salmon,Fall,Natural,Gateway Riffle,Gateway_release site,Gateway release_RL & RR,666,7,Pigment / dye,Brown,Whole body,,Yes
2,684,2017-02-03T09:42:00Z,Chinook salmon,Fall,Natural,Gateway Riffle,Gateway_release site,Gateway release_RL & RR,272,7,Elastomer,Orange,Nose,,No
2,685,2017-01-27T10:47:00Z,Chinook salmon,Fall,Natural,Gateway Riffle,Herringer_release site,,303,7,Elastomer,Orange,Nose,,Yes
2,686,2018-01-10T13:20:00Z,Chinook salmon,Fall,Natural,Eye Riffle,Herringer_release site,Herringer release_ RL & RR,90,2,Elastomer,Green,Nose,,Yes
2,687,2018-01-11T14:50:00Z,Chinook salmon,Fall,Natural,Eye Riffle,Herringer_release site,Herringer release_ RL & RR,500,7,Elastomer,White,Nose,,Yes
2,688,2018-01-12T12:30:00Z,Chinook salmon,Fall,Natural,Eye Riffle,Herringer_release site,Herringer release_ RL & RR,952,7,Elastomer,Pink,Nose,,Yes
2,689,2018-01-18T12:10:00Z,Chinook salmon,Fall,Natural,Eye Riffle,Herringer_release site,Herringer release_ RL & RR,830,8,Elastomer,Green,Nose,,Yes
2,690,2018-01-23T12:10:00Z,Chinook salmon,Fall,Natural,Eye Riffle,Herringer_release site,Herringer release_ RL & RR,381,10,Elastomer,Orange,Nose,,Yes
2,691,2018-01-25T10:29:00Z,Chinook salmon,Fall,Natural,Eye Riffle,Herringer_release site,Herringer release_ RL & RR,478,7,Elastomer,White,Nose,,Yes
2,692,2018-01-30T14:06:00Z,Chinook salmon,Fall,Natural,Eye Riffle,Herringer_release site,Herringer release_ RL & RR,1090,7,Elastomer,Green,Nose,,Yes
2,693,2018-01-04T10:06:00Z,Chinook salmon,Fall,Natural,Eye Riffle,Eye riffle_release site,Below Weir Riffle,158,3,Elastomer,Purple / Violet,Nose,,Yes
2,694,2018-01-09T09:00:00Z,Chinook salmon,Fall,Natural,Eye Riffle,Eye riffle_release site,Below Weir Riffle,331,8,Elastomer,Purple / Violet,Nose,,Yes
2,695,2018-01-10T09:22:00Z,Chinook salmon,Fall,Natural,Eye Riffle,Eye riffle_release site,Below Weir Riffle,540,3,Elastomer,Orange,Nose,,Yes
2,696,2018-01-11T11:15:00Z,Chinook salmon,Fall,Natural,Eye Riffle,Eye riffle_release site,Below Weir Riffle,481,7,Elastomer,Blue,Nose,,Yes
2,697,2018-01-16T11:15:00Z,Chinook salmon,Fall,Natural,Eye Riffle,Eye riffle_release site,Below Weir Riffle,389,7,Elastomer,Purple / Violet,Nose,,Yes
2,698,2018-01-17T09:40:00Z,Chinook salmon,Fall,Natural,Eye Riffle,Eye riffle_release site,Below Weir Riffle,369,4,Elastomer,Orange,Nose,,Yes
2,699,2018-01-19T10:00:00Z,Chinook salmon,Fall,Natural,Eye Riffle,Eye riffle_release site,Below Weir Riffle,767,4,Elastomer,Blue,Nose,,Yes
2,700,2018-01-23T10:40:00Z,Chinook salmon,Fall,Natural,Eye Riffle,Eye riffle_release site,Below Weir Riffle,995,6,Elastomer,Red,Nose,,Yes
2,701,2018-01-24T09:30:00Z,Chinook salmon,Fall,Natural,Eye Riffle,Eye riffle_release site,Below Weir Riffle,1137,7,Elastomer,Green,Nose,,Yes
2,702,2018-01-25T14:12:00Z,Chinook salmon,Fall,Natural,Eye Riffle,Eye riffle_release site,Below Weir Riffle,496,7,Elastomer,Blue,Nose,,Yes
2,703,2018-01-30T09:30:00Z,Chinook salmon,Fall,Natural,Eye Riffle,Eye riffle_release site,Below Weir Riffle,972,7,Elastomer,Red,Nose,,Yes
2,705,2018-02-01T10:28:00Z,Chinook salmon,Fall,Natural,Eye Riffle,Eye riffle_release site,Below Weir Riffle,449,5,Elastomer,Blue,Nose,,Yes
2,706,2018-02-06T09:05:00Z,Chinook salmon,Fall,Natural,Eye Riffle,Eye riffle_release site,Below Weir Riffle,908,9,Elastomer,Orange,Nose,,Yes
2,707,2018-02-07T09:28:00Z,Chinook salmon,Fall,Natural,Eye Riffle,Eye riffle_release site,Below Weir Riffle,502,5,Elastomer,Red,Nose,,Yes
2,708,2018-02-13T09:30:00Z,Chinook salmon,Fall,Natural,Eye Riffle,Eye riffle_release site,Below Weir Riffle,1029,5,Elastomer,Blue,Nose,,Yes
2,709,2018-02-14T10:35:00Z,Chinook salmon,Fall,Natural,Eye Riffle,Eye riffle_release site,Below Weir Riffle,1014,7,Elastomer,Red,Nose,,Yes
2,710,2018-02-20T11:00:00Z,Chinook salmon,Fall,Natural,Eye Riffle,Eye riffle_release site,Below Weir Riffle,497,5,Elastomer,Blue,Nose,,Yes
2,711,2018-02-27T09:47:00Z,Chinook salmon,Fall,Natural,Eye Riffle,Eye riffle_release site,Below Weir Riffle,695,7,Elastomer,Pink,Nose,,Yes
2,712,2018-02-28T09:45:00Z,Chinook salmon,Fall,Mixed,Eye Riffle,Eye riffle_release site,Below Weir Riffle,582,5,Elastomer,Orange,Nose,,Yes
2,713,2018-03-05T10:05:00Z,Chinook salmon,Fall,Natural,Eye Riffle,Eye riffle_release site,Below Weir Riffle,628,5,Elastomer,Orange,Nose,,Yes
2,714,2018-03-07T09:03:00Z,Chinook salmon,Fall,Natural,Eye Riffle,Eye riffle_release site,Below Weir Riffle,603,8,Elastomer,Blue,Nose,,Yes
2,715,2018-03-13T09:50:00Z,Chinook salmon,Fall,Natural,Eye Riffle,Eye riffle_release site,Below Weir Riffle,248,8,Elastomer,Orange,Nose,,Yes
2,716,2018-03-14T09:48:00Z,Chinook salmon,Fall,Natural,Eye Riffle,Eye riffle_release site,Below Weir Riffle,411,7,Elastomer,Blue,Nose,,Yes
2,717,2018-03-20T13:20:00Z,Chinook salmon,Fall,Natural,Eye Riffle,Eye riffle_release site,Below Weir Riffle,503,7,Elastomer,Orange,Nose,,Yes
2,718,2018-03-21T10:30:00Z,Chinook salmon,Fall,Natural,Eye Riffle,Eye riffle_release site,Below Weir Riffle,445,7,Elastomer,Blue,Nose,,Yes
2,719,2018-03-27T11:20:00Z,Chinook salmon,Fall,Natural,Eye Riffle,Eye riffle_release site,Below Weir Riffle,198,7,Elastomer,Orange,Nose,,Yes
2,720,2018-03-29T10:47:00Z,Chinook salmon,Fall,Natural,Eye Riffle,Eye riffle_release site,Below Weir Riffle,169,7,Elastomer,Blue,Nose,,Yes
2,721,2018-01-31T09:00:00Z,Chinook salmon,Fall,Natural,Eye Riffle,Herringer_release site,Herringer release_ RL & RR,206,7,Elastomer,White,Nose,,Yes
2,722,2018-02-01T13:55:00Z,Chinook salmon,Fall,Natural,Eye Riffle,Herringer_release site,Herringer release_ RL & RR,524,4,Elastomer,Pink,Nose,,Yes
2,723,2018-02-13T13:55:00Z,Chinook salmon,Fall,Natural,Eye Riffle,Herringer_release site,Herringer release_ RL & RR,603,7,Elastomer,Pink,Nose,,Yes
2,724,2018-02-14T14:07:00Z,Chinook salmon,Fall,Natural,Eye Riffle,Herringer_release site,Herringer release_ RL & RR,595,7,Elastomer,Green,Nose,,Yes
2,725,2018-02-15T12:08:00Z,Chinook salmon,Fall,Natural,Eye Riffle,Herringer_release site,Herringer release_ RL & RR,119,14,Elastomer,White,Nose,,Yes
2,726,2018-02-20T15:00:00Z,Chinook salmon,Fall,Natural,Eye Riffle,Herringer_release site,Herringer release_ RL & RR,595,7,Elastomer,Pink,Nose,,Yes
2,727,2018-02-23T12:00:00Z,Chinook salmon,Fall,Natural,Eye Riffle,Herringer_release site,Herringer release_ RL & RR,416,4,Elastomer,White,Nose,,Yes
2,728,2018-02-27T12:45:00Z,Chinook salmon,Fall,Natural,Eye Riffle,Herringer_release site,Herringer release_ RL & RR,608,7,Elastomer,Blue,Nose,,Yes
2,729,2018-02-28T10:00:00Z,Chinook salmon,Fall,Natural,Eye Riffle,Herringer_release site,Herringer release_ RL & RR,651,7,Elastomer,White,Nose,,Yes
2,730,2018-03-01T13:25:00Z,Chinook salmon,Fall,Natural,Eye Riffle,Herringer_release site,Herringer release_ RL & RR,963,3,Elastomer,Green,Nose,,Yes
2,731,2018-03-06T12:00:00Z,Chinook salmon,Fall,Natural,Eye Riffle,Herringer_release site,Herringer release_ RL & RR,1014,7,Elastomer,Red,Nose,,Yes
2,732,2018-03-07T12:27:00Z,Chinook salmon,Fall,Natural,Eye Riffle,Herringer_release site,Herringer release_ RL & RR,901,7,Elastomer,Green,Nose,,Yes
2,733,2018-03-08T11:40:00Z,Chinook salmon,Fall,Natural,Eye Riffle,Herringer_release site,Herringer release_ RL & RR,243,7,Elastomer,White,Nose,,Yes
2,734,2018-03-13T13:55:00Z,Chinook salmon,Fall,Natural,Eye Riffle,Herringer_release site,Herringer release_ RL & RR,118,7,Elastomer,Red,Nose,,Yes
2,735,2018-03-14T13:10:00Z,Chinook salmon,Fall,Natural,Eye Riffle,Herringer_release site,Herringer release_ RL & RR,231,7,Elastomer,Green,Nose,,Yes
2,736,2018-03-15T10:05:00Z,Chinook salmon,Fall,Natural,Eye Riffle,Herringer_release site,Herringer release_ RL & RR,272,12,Elastomer,White,Nose,,Yes
2,737,2018-03-20T11:00:00Z,Chinook salmon,Fall,Natural,Eye Riffle,Herringer_release site,Herringer release_ RL & RR,1027,7,Elastomer,Red,Nose,,Yes
2,738,2018-03-21T09:00:00Z,Chinook salmon,Fall,Natural,Eye Riffle,Herringer_release site,Herringer release_ RL & RR,222,7,Elastomer,Green,Nose,,Yes
2,739,2018-03-27T14:45:00Z,Chinook salmon,Fall,Natural,Eye Riffle,Herringer_release site,Herringer release_ RL & RR,507,7,Elastomer,Red,Nose,,Yes
2,740,2018-04-25T11:00:00Z,Chinook salmon,Fall,Natural,Eye Riffle,Herringer_release site,Herringer release_ RL & RR,28,7,Elastomer,Orange,Nose,,Yes
2,741,2018-05-08T11:39:00Z,Chinook salmon,Fall,Natural,Eye Riffle,Herringer_release site,Herringer release_ RL & RR,73,7,Elastomer,Orange,Nose,,Yes
2,742,2017-05-04T12:46:00Z,Chinook salmon,Fall,Natural,Gateway Riffle,Herringer_release site,Herringer release_ RL & RR,2063,7,Elastomer,Yellow,Nose,,No
2,743,2017-05-04T12:50:00Z,Chinook salmon,Fall,Natural,Gateway Riffle,Herringer_release site,Herringer release_ RL & RR,2497,7,Elastomer,Orange,Nose,,No
2,744,2018-02-23T11:00:00Z,Chinook salmon,Fall,Natural,Eye Riffle,Eye riffle_release site,Below Weir Riffle,509,5,Elastomer,Orange,Nose,,Yes
2,745,2019-01-03T09:13:00Z,Chinook salmon,Fall,Natural,Eye Riffle,Eye riffle_release site,Below Weir Riffle,312,6,Elastomer,Orange,Nose,,Yes
2,746,2019-01-05T10:55:00Z,Chinook salmon,Fall,Natural,Eye Riffle,Eye riffle_release site,Below Weir Riffle,188,5,Elastomer,Blue,Nose,,Yes
2,747,2019-01-08T12:55:00Z,Chinook salmon,Fall,Natural,Eye Riffle,Eye riffle_release site,Below Weir Riffle,398,4,Elastomer,Yellow,Nose,,Yes
2,748,2019-01-09T09:03:00Z,Chinook salmon,Fall,Natural,Eye Riffle,Eye riffle_release site,Below Weir Riffle,199,3,Elastomer,Orange,Nose,,Yes
2,749,2019-01-10T09:48:00Z,Chinook salmon,Fall,Natural,Eye Riffle,Eye riffle_release site,Below Weir Riffle,144,8,Elastomer,Blue,Nose,,Yes
2,750,2019-01-12T10:30:00Z,Chinook salmon,Fall,Natural,Eye Riffle,Eye riffle_release site,Below Weir Riffle,609,4,Elastomer,Yellow,Nose,,Yes
2,751,2019-01-17T10:53:00Z,Chinook salmon,Fall,Natural,Eye Riffle,Eye riffle_release site,Below Weir Riffle,498,3,Elastomer,Blue,Nose,,Yes
2,752,2019-01-19T12:10:00Z,Chinook salmon,Fall,Natural,Eye Riffle,Eye riffle_release site,,1014,6,Elastomer,Yellow,Nose,,Yes
2,753,2019-01-23T12:45:00Z,Chinook salmon,Fall,Natural,Eye Riffle,Eye riffle_release site,Below Weir Riffle,999,6,Elastomer,Orange,Nose,,Yes
2,754,2019-01-24T12:00:00Z,Chinook salmon,Fall,Natural,Eye Riffle,Eye riffle_release site,Below Weir Riffle,1067,5,Elastomer,Blue,Nose,,Yes
2,755,2019-01-26T12:25:00Z,Chinook salmon,Fall,Natural,Eye Riffle,Eye riffle_release site,Below Weir Riffle,999,3,Elastomer,Yellow,Nose,,Yes
2,756,2019-01-29T13:10:00Z,Chinook salmon,Fall,Natural,Eye Riffle,Eye riffle_release site,Below Weir Riffle,988,9,Elastomer,Orange,Nose,,Yes
2,757,2019-02-01T12:55:00Z,Chinook salmon,Fall,Natural,Eye Riffle,Eye riffle_release site,Below Weir Riffle,992,5,Elastomer,Blue,Nose,,Yes
2,758,2019-02-02T09:48:00Z,Chinook salmon,Fall,Natural,Eye Riffle,Eye riffle_release site,Below Weir Riffle,1006,5,Elastomer,Yellow,Nose,,Yes
2,759,2019-02-06T12:45:00Z,Chinook salmon,Fall,Natural,Eye Riffle,Eye riffle_release site,Below Weir Riffle,1019,3,Elastomer,Orange,Nose,,Yes
2,760,2019-02-07T08:20:00Z,Chinook salmon,Fall,Natural,Eye Riffle,Eye riffle_release site,Below Weir Riffle,998,5,Elastomer,Blue,Nose,,Yes
2,761,2019-02-08T12:15:00Z,Chinook salmon,Fall,Natural,Eye Riffle,Eye riffle_release site,Below Weir Riffle,866,7,Elastomer,Yellow,Nose,,Yes
2,762,2019-02-09T09:40:00Z,Chinook salmon,Fall,Natural,Eye Riffle,Eye riffle_release site,Below Weir Riffle,695,5,Elastomer,Orange,Nose,,Yes
2,763,2019-02-15T09:35:00Z,Chinook salmon,Fall,Natural,Eye Riffle,Eye riffle_release site,Below Weir Riffle,992,5,Elastomer,Yellow,Nose,,Yes
2,764,2019-02-16T08:15:00Z,Chinook salmon,Fall,Natural,Eye Riffle,Eye riffle_release site,Below Weir Riffle,877,5,Elastomer,Orange,Nose,,Yes
2,765,2019-02-20T09:00:00Z,Chinook salmon,Fall,Natural,Eye Riffle,Eye riffle_release site,Below Weir Riffle,650,5,Elastomer,Blue,Nose,,Yes
2,766,2019-02-21T09:30:00Z,Chinook salmon,Fall,Natural,Eye Riffle,Eye riffle_release site,Below Weir Riffle,1018,4,Elastomer,Yellow,Nose,,Yes
2,767,2019-02-22T08:00:00Z,Chinook salmon,Fall,Natural,Eye Riffle,Eye riffle_release site,Below Weir Riffle,483,4,Elastomer,Orange,Nose,,Yes
2,768,2019-01-08T09:40:00Z,Chinook salmon,Fall,Natural,Herringer Riffle,Herringer_release site,Herringer release_ RL & RR,473,3,Elastomer,White,Nose,,Yes
2,769,2019-01-09T09:40:00Z,Chinook salmon,Fall,Natural,Herringer Riffle,Herringer_release site,Herringer release_ RL & RR,187,3,Elastomer,Green,Nose,,Yes
2,770,2019-01-10T09:40:00Z,Chinook salmon,Fall,Natural,Herringer Riffle,Herringer_release site,Herringer release_ RL & RR,299,6,Elastomer,Red,Nose,,Yes
2,771,2019-01-12T08:35:00Z,Chinook salmon,Fall,Natural,Herringer Riffle,Herringer_release site,Herringer release_ RL & RR,703,3,Elastomer,White,Nose,,Yes
2,772,2019-01-15T09:35:00Z,Chinook salmon,Fall,Natural,Herringer Riffle,Herringer_release site,Herringer release_ RL & RR,694,5,Elastomer,Green,Nose,,Yes
2,773,2019-01-17T14:10:00Z,Chinook salmon,Fall,Natural,Herringer Riffle,Herringer_release site,Herringer release_ RL & RR,484,5,Elastomer,Red,Nose,,Yes
2,774,2019-01-19T09:18:00Z,Chinook salmon,Fall,Natural,Eye Riffle,Herringer_release site,Herringer release_ RL & RR,997,3,Elastomer,White,Nose,,Yes
2,775,2019-01-23T08:44:00Z,Chinook salmon,Fall,Natural,Herringer Riffle,Herringer_release site,Herringer release_ RL & RR,986,5,Elastomer,Green,Nose,,Yes
2,776,2019-01-24T12:44:00Z,Chinook salmon,Fall,Hatchery,Eye Riffle,Herringer_release site,Herringer release_ RL & RR,1032,5,Elastomer,Red,Nose,,Yes
2,777,2019-01-25T09:20:00Z,Chinook salmon,Fall,Natural,Eye Riffle,Herringer_release site,Herringer release_ RL & RR,1000,5,Elastomer,White,Nose,,Yes
2,778,2019-01-29T10:04:00Z,Chinook salmon,Fall,Natural,Herringer Riffle,Herringer_release site,Herringer release_ RL & RR,1015,8,Elastomer,Green,Nose,,Yes
2,779,2019-02-01T10:08:00Z,Chinook salmon,Fall,Natural,Eye Riffle,Herringer_release site,Herringer release_ RL & RR,1005,5,Elastomer,Red,Nose,,Yes
2,780,2019-02-02T12:30:00Z,Chinook salmon,Fall,Natural,Eye Riffle,Herringer_release site,Herringer release_ RL & RR,995,6,Elastomer,White,Nose,,Yes
2,781,2019-02-06T08:41:00Z,Chinook salmon,Fall,Natural,Eye Riffle,Herringer_release site,Herringer release_ RL & RR,981,4,Elastomer,Green,Nose,,Yes
2,782,2019-02-07T08:41:00Z,Chinook salmon,Fall,Natural,Eye Riffle,Herringer_release site,Herringer release_ RL & RR,1000,5,Elastomer,Red,Nose,,Yes
2,783,2019-02-08T08:15:00Z,Chinook salmon,Fall,Natural,Eye Riffle,Herringer_release site,Herringer release_ RL & RR,1049,7,Elastomer,White,Nose,,Yes
2,784,2019-02-09T12:35:00Z,Chinook salmon,Fall,Natural,Eye Riffle,Herringer_release site,Herringer release_ RL & RR,808,5,Elastomer,Green,Nose,,Yes
2,785,2019-02-14T11:16:00Z,Chinook salmon,Fall,Natural,Eye Riffle,Herringer_release site,Herringer release_ RL & RR,799,7,Elastomer,Red,Nose,,Yes
2,786,2019-02-15T12:02:00Z,Chinook salmon,Fall,Natural,Eye Riffle,Herringer_release site,Herringer release_ RL & RR,997,7,Elastomer,White,Nose,,Yes
2,787,2019-02-16T12:02:00Z,Chinook salmon,Fall,Natural,Herringer Riffle,Herringer_release site,Herringer release_ RL & RR,811,5,Elastomer,Green,Nose,,Yes
2,788,2019-02-20T11:00:00Z,Chinook salmon,Fall,Natural,Herringer Riffle,Herringer_release site,Herringer release_ RL & RR,1000,5,Elastomer,Red,Nose,,Yes
2,789,2019-02-21T11:20:00Z,Chinook salmon,Fall,Natural,Eye Riffle,Herringer_release site,Herringer release_ RL & RR,996,6,Elastomer,White,Nose,,Yes
2,790,2019-02-22T09:45:00Z,Chinook salmon,Fall,Natural,Eye Riffle,Herringer_release site,Herringer release_ RL & RR,709,5,Elastomer,Green,Nose,,Yes
2,791,2019-02-28T12:01:00Z,Chinook salmon,Fall,Natural,Herringer Riffle,Herringer_release site,Herringer release_ RL & RR,996,3,Elastomer,Red,Nose,,No
2,792,2019-03-01T12:01:00Z,Chinook salmon,Fall,Natural,Herringer Riffle,Herringer_release site,Herringer release_ RL & RR,770,2,Elastomer,White,Nose,,No
2,793,2019-02-28T08:00:00Z,Chinook salmon,Fall,Natural,Eye Riffle,Eye riffle_release site,Below Weir Riffle,1043,3,Elastomer,Blue,Nose,,No
2,794,2019-03-01T12:00:00Z,Chinook salmon,Fall,Natural,Eye Riffle,Eye riffle_release site,Below Weir Riffle,762,7,Elastomer,Yellow,Nose,,No
2,795,2019-03-02T09:46:00Z,Chinook salmon,Fall,Natural,Eye Riffle,Eye riffle_release site,Below Weir Riffle,474,7,Elastomer,Green,Nose,,No
2,796,2019-03-21T09:46:00Z,Chinook salmon,Fall,Natural,Eye Riffle,Eye riffle_release site,Below Weir Riffle,157,7,Elastomer,Orange,Nose,,No
2,797,2020-01-15T11:22:00Z,Chinook salmon,Fall,Natural,Herringer Riffle,Herringer_release site,Herringer release_ RL & RR,214,7,Elastomer,White,Nose,,Yes
2,798,2020-01-17T11:40:00Z,Chinook salmon,Fall,Natural,Herringer Riffle,Herringer_release site,Herringer release_ RL & RR,258,7,Elastomer,Green,Nose,,Yes
2,799,2020-01-20T10:19:00Z,Chinook salmon,Fall,Natural,Herringer Riffle,Herringer_release site,Herringer release_ RL & RR,186,7,Elastomer,Red,Nose,,Yes
2,800,2020-01-22T11:35:00Z,Chinook salmon,Fall,Natural,Herringer Riffle,Herringer_release site,Herringer release_ RL & RR,148,7,Elastomer,White,Nose,,Yes
2,801,2020-01-29T09:25:00Z,Chinook salmon,Fall,Natural,Herringer Riffle,Herringer_release site,Herringer release_ RL & RR,420,5,Elastomer,Green,Nose,,Yes
2,802,2020-01-31T09:50:00Z,Chinook salmon,Fall,Natural,Herringer Riffle,Herringer_release site,Herringer release_ RL & RR,222,7,Elastomer,Red,Nose,,Yes
2,803,2020-02-07T12:26:00Z,Chinook salmon,Fall,Natural,Herringer Riffle,Herringer_release site,Herringer release_ RL & RR,1890,7,Elastomer,Red,Nose,,Yes
2,804,2020-02-13T10:08:00Z,Chinook salmon,Fall,Natural,Herringer Riffle,Herringer_release site,Herringer release_ RL & RR,1156,7,Elastomer,Green,Nose,,Yes
2,805,2020-02-14T09:25:00Z,Chinook salmon,Fall,Natural,Herringer Riffle,Herringer_release site,Herringer release_ RL & RR,1137,7,Elastomer,Red,Nose,,Yes
2,806,2020-02-20T11:07:00Z,Chinook salmon,Fall,Natural,Herringer Riffle,Herringer_release site,Herringer release_ RL & RR,997,7,Elastomer,Green,Nose,,Yes
2,807,2020-02-18T09:08:00Z,Chinook salmon,Fall,Natural,Herringer Riffle,Herringer_release site,Herringer release_ RL & RR,997,7,Elastomer,White,Nose,,Yes
2,808,2020-02-22T08:30:00Z,Chinook salmon,Fall,Natural,Herringer Riffle,Herringer_release site,Herringer release_ RL & RR,486,7,Elastomer,Red,Nose,,Yes
2,809,2020-02-25T12:25:00Z,Chinook salmon,Fall,Natural,Herringer Riffle,Herringer_release site,Herringer release_ RL & RR,989,8,Elastomer,White,Nose,,Yes
2,810,2020-02-27T08:30:00Z,Chinook salmon,Fall,Natural,Herringer Riffle,Herringer_release site,Herringer release_ RL & RR,994,7,Elastomer,Green,Nose,,Yes
2,811,2020-02-29T09:00:00Z,Chinook salmon,Fall,Natural,Herringer Riffle,Herringer_release site,Herringer release_ RL & RR,756,11,Elastomer,Red,Nose,,Yes
2,812,2020-03-03T13:00:00Z,Chinook salmon,Fall,Natural,Herringer Riffle,Herringer_release site,Herringer release_ RL & RR,731,10,Elastomer,White,Nose,,Yes
2,813,2020-01-24T10:35:00Z,Chinook salmon,Fall,Natural,Eye Riffle,Eye riffle_release site,Below Weir Riffle,581,7,Elastomer,Blue,Nose,,Yes
2,814,2020-01-25T08:40:00Z,Chinook salmon,Fall,Natural,Eye Riffle,Eye riffle_release site,Below Weir Riffle,141,7,Elastomer,Yellow,Nose,,Yes
2,815,2020-01-28T12:24:00Z,Chinook salmon,Fall,Natural,Eye Riffle,Eye riffle_release site,Below Weir Riffle,339,7,Elastomer,Orange,Nose,,Yes
2,816,2020-01-30T12:35:00Z,Chinook salmon,Fall,Natural,Eye Riffle,Eye riffle_release site,Below Weir Riffle,374,7,Elastomer,Blue,Nose,,Yes
2,817,2020-01-31T13:18:00Z,Chinook salmon,Fall,Natural,Eye Riffle,Eye riffle_release site,Below Weir Riffle,1194,7,Elastomer,Yellow,Nose,,Yes
2,818,2020-02-06T10:05:00Z,Chinook salmon,Fall,Natural,Eye Riffle,Eye riffle_release site,Below Weir Riffle,1772,8,Elastomer,Yellow,Nose,,Yes
2,819,2020-02-12T12:16:00Z,Chinook salmon,Fall,Natural,Eye Riffle,Eye riffle_release site,Below Weir Riffle,1691,7,Elastomer,Blue,Nose,,Yes
2,820,2020-02-13T13:14:00Z,Chinook salmon,Fall,Natural,Eye Riffle,Eye riffle_release site,Below Weir Riffle,1662,7,Elastomer,Yellow,Nose,,Yes
2,821,2020-02-19T11:27:00Z,Chinook salmon,Fall,Natural,Eye Riffle,Eye riffle_release site,Below Weir Riffle,993,7,Elastomer,Orange,Nose,,Yes
2,822,2020-02-21T12:50:00Z,Chinook salmon,Fall,Natural,Eye Riffle,Eye riffle_release site,Below Weir Riffle,993,7,Elastomer,Yellow,Nose,,Yes
2,823,2020-02-26T11:10:00Z,Chinook salmon,Fall,Natural,Eye Riffle,Eye riffle_release site,Below Weir Riffle,998,7,Elastomer,Orange,Nose,,Yes
2,824,2020-02-28T09:40:00Z,Chinook salmon,Fall,Natural,Eye Riffle,Eye riffle_release site,Below Weir Riffle,1000,7,Elastomer,Yellow,Nose,,Yes
2,825,2020-03-04T08:45:00Z,Chinook salmon,Fall,Natural,Eye Riffle,Eye riffle_release site,Below Weir Riffle,990,8,Elastomer,Orange,Nose,,Yes
2,826,2020-03-06T09:07:00Z,Chinook salmon,Fall,Natural,Eye Riffle,Eye riffle_release site,Below Weir Riffle,978,7,Elastomer,Yellow,Nose,,No
2,827,2020-03-07T10:30:00Z,Chinook salmon,Fall,Natural,Eye Riffle,Eye riffle_release site,Below Weir Riffle,983,20,Elastomer,Pink,Nose,,Yes
2,828,2020-03-12T09:45:00Z,Chinook salmon,Fall,Natural,Eye Riffle,Eye riffle_release site,Below Weir Riffle,996,8,Elastomer,Orange,Nose,,Yes
2,829,2020-03-14T11:00:00Z,Chinook salmon,Fall,Natural,Eye Riffle,Eye riffle_release site,Below Weir Riffle,937,7,Elastomer,Yellow,Nose,,Yes
2,830,2020-03-19T13:53:00Z,Chinook salmon,Fall,Natural,Eye Riffle,Eye riffle_release site,Below Weir Riffle,484,7,Elastomer,Orange,Nose,,Yes
2,831,2020-03-25T10:05:00Z,Chinook salmon,Fall,Natural,Eye Riffle,Eye riffle_release site,Below Weir Riffle,803,7,Elastomer,Yellow,Nose,,Yes
2,832,2020-03-28T12:52:00Z,Chinook salmon,Fall,Natural,Eye Riffle,Eye riffle_release site,Below Weir Riffle,852,7,Elastomer,Pink,Nose,,Yes
2,833,2020-04-01T09:50:00Z,Chinook salmon,Fall,Natural,Eye Riffle,Eye riffle_release site,Below Weir Riffle,478,7,Elastomer,Orange,Nose,,Yes
2,834,2020-04-08T09:15:00Z,Chinook salmon,Fall,Natural,Eye Riffle,Eye riffle_release site,Below Weir Riffle,474,20,Elastomer,Yellow,Nose,,Yes
2,835,2020-04-16T09:39:00Z,Chinook salmon,Fall,Natural,Eye Riffle,Eye riffle_release site,Below Weir Riffle,366,7,Elastomer,Pink,Nose,,Yes
2,836,2020-04-22T09:50:00Z,Chinook salmon,Fall,Natural,Eye Riffle,Eye riffle_release site,Below Weir Riffle,420,14,Elastomer,Orange,Nose,,Yes
2,837,2020-03-05T13:00:00Z,Chinook salmon,Fall,Natural,Herringer Riffle,Herringer_release site,Herringer release_ RL & RR,941,14,Elastomer,Green,Nose,,Yes
2,838,2020-03-10T10:00:00Z,Chinook salmon,Fall,Natural,Herringer Riffle,Herringer_release site,Herringer release_ RL & RR,278,20,Elastomer,Red,Nose,,Yes
2,839,2020-03-13T13:55:00Z,Chinook salmon,Fall,Natural,Herringer Riffle,Herringer_release site,Herringer release_ RL & RR,590,10,Elastomer,White,Nose,,Yes
2,840,2020-03-18T09:43:00Z,Chinook salmon,Fall,Natural,Herringer Riffle,Herringer_release site,Herringer release_ RL & RR,909,23,Elastomer,Green,Nose,,Yes
2,841,2020-03-24T12:34:00Z,Chinook salmon,Fall,Natural,Herringer Riffle,Herringer_release site,Herringer release_ RL & RR,577,24,Elastomer,White,Nose,,Yes
2,842,2020-03-27T12:53:00Z,Chinook salmon,Fall,Natural,Herringer Riffle,Herringer_release site,Herringer release_ RL & RR,915,10,Elastomer,Green,Nose,,Yes
2,843,2020-04-02T10:14:00Z,Chinook salmon,Fall,Natural,Herringer Riffle,Herringer_release site,Herringer release_ RL & RR,1037,7,Elastomer,Red,Nose,,Yes
2,844,2020-04-10T10:30:00Z,Chinook salmon,Fall,Natural,Herringer Riffle,Herringer_release site,Herringer release_ RL & RR,416,14,Elastomer,Green,Nose,,Yes
2,845,2020-04-17T11:07:00Z,Chinook salmon,Fall,Natural,Herringer Riffle,Herringer_release site,Herringer release_ RL & RR,275,7,Elastomer,White,Nose,,Yes
2,846,2020-04-21T11:58:00Z,Chinook salmon,Fall,Natural,Herringer Riffle,Herringer_release site,Herringer release_ RL & RR,280,7,Elastomer,Red,Nose,,Yes
2,847,2020-04-29T09:31:00Z,Chinook salmon,Fall,Natural,Eye Riffle,Eye riffle_release site,Below Weir Riffle,487,7,Elastomer,Yellow,Nose,,Yes
2,849,2020-05-09T10:45:00Z,Chinook salmon,Fall,Natural,Eye Riffle,Eye riffle_release site,Below Weir Riffle,882,7,Elastomer,Yellow,Nose,,Yes
2,851,2020-04-28T13:30:00Z,Chinook salmon,Fall,Natural,Eye Riffle,Herringer_release site,Herringer release_ RL & RR,786,13,Elastomer,Green,Nose,,Yes
2,852,2020-05-01T09:55:00Z,Chinook salmon,Fall,Natural,Eye Riffle,Herringer_release site,Herringer release_ RL & RR,868,10,Elastomer,White,Nose,,Yes
2,853,2020-05-08T11:30:00Z,Chinook salmon,Fall,Natural,Eye Riffle,Herringer_release site,Herringer release_ RL & RR,477,7,Elastomer,Red,Nose,,Yes
2,854,2020-05-12T09:20:00Z,Chinook salmon,Fall,Natural,Eye Riffle,Herringer_release site,Herringer release_ RL & RR,424,7,Elastomer,Green,Nose,,Yes
2,855,2020-01-10T11:20:00Z,Chinook salmon,Fall,Natural,Eye Riffle,Herringer_release site,Herringer release_ RL & RR,40,7,Elastomer,Red,Nose,,No
2,856,2022-01-05T13:16:00Z,Chinook salmon,Fall,Natural,Eye Riffle,Eye riffle_release site,Below Weir Riffle,1188,7,Pigment / dye,Brown,Whole body,,Yes
2,857,2022-01-13T12:01:00Z,Chinook salmon,Fall,Natural,Herringer Riffle,Herringer_release site,Herringer release_ RL & RR,548,7,Elastomer,White,Nose,,Yes
2,858,2022-01-13T09:17:00Z,Chinook salmon,Fall,Natural,Eye Riffle,Eye riffle_release site,Below Weir Riffle,441,7,Elastomer,Pink,Nose,,Yes
2,859,2022-01-19T09:09:00Z,Chinook salmon,Fall,Natural,Eye Riffle,Eye riffle_release site,Below Weir Riffle,592,7,Elastomer,Yellow,Nose,,Yes
2,860,2022-01-19T11:45:00Z,Chinook salmon,Fall,Natural,Herringer Riffle,Herringer_release site,Herringer release_ RL & RR,708,7,Elastomer,Green,Nose,,Yes
2,861,2022-01-20T12:17:00Z,Chinook salmon,Fall,Natural,Eye Riffle,Eye riffle_release site,Below Weir Riffle,580,7,Elastomer,Orange,Nose,,Yes
2,862,2022-01-21T13:54:00Z,Chinook salmon,Fall,Natural,Herringer Riffle,Herringer_release site,Herringer release_ RL & RR,310,7,Elastomer,Red,Nose,,Yes
2,863,2022-01-25T08:56:00Z,Chinook salmon,Fall,Natural,Eye Riffle,Eye riffle_release site,Below Weir Riffle,1019,7,Elastomer,Pink,Nose,,Yes
2,864,2022-01-27T09:15:00Z,Chinook salmon,Fall,Natural,Eye Riffle,Eye riffle_release site,Below Weir Riffle,642,7,Elastomer,Yellow,Nose,,Yes
2,865,2022-01-25T13:10:00Z,Chinook salmon,Fall,Natural,Herringer Riffle,Herringer_release site,Herringer release_ RL & RR,943,7,Elastomer,White,Nose,,Yes
2,866,2022-01-27T12:45:00Z,Chinook salmon,Fall,Natural,Eye Riffle,Herringer_release site,Herringer release_ RL & RR,597,7,Elastomer,Green,Nose,,Yes
2,867,2022-02-01T10:29:00Z,Chinook salmon,Fall,Natural,Eye Riffle,Eye riffle_release site,Below Weir Riffle,999,7,Elastomer,Orange,Nose,,Yes
2,868,2022-02-03T23:49:00Z,Chinook salmon,Fall,Natural,Eye Riffle,Eye riffle_release site,Below Weir Riffle,1109,7,Elastomer,Pink,Nose,,Yes
2,869,2022-02-10T11:30:00Z,Chinook salmon,Fall,Natural,Eye Riffle,Eye riffle_release site,Below Weir Riffle,999,7,Elastomer,Pink,Nose,,Yes
2,870,2022-02-09T12:27:00Z,Chinook salmon,Fall,Natural,Eye Riffle,Herringer_release site,Herringer release_ RL & RR,999,7,Elastomer,White,Nose,,Yes
2,871,2022-02-15T09:11:00Z,Chinook salmon,Fall,Natural,Eye Riffle,Eye riffle_release site,Below Weir Riffle,996,9,Elastomer,Yellow,Nose,,Yes
2,872,2022-02-08T10:40:00Z,Chinook salmon,Fall,Natural,Eye Riffle,Eye riffle_release site,Below Weir Riffle,1014,7,Elastomer,Orange,Nose,,Yes
2,873,2022-02-15T12:48:00Z,Chinook salmon,Fall,Natural,Herringer Riffle,Herringer_release site,Herringer release_ RL & RR,555,7,Elastomer,Green,Nose,,Yes
2,874,2022-02-17T12:30:00Z,Chinook salmon,Fall,Natural,Eye Riffle,Eye riffle_release site,Below Weir Riffle,991,7,Elastomer,Orange,Nose,,Yes
2,875,2022-02-17T09:22:00Z,Chinook salmon,Fall,Natural,Herringer Riffle,Herringer_release site,Herringer release_ RL & RR,889,7,Elastomer,White,Nose,,Yes
2,876,2022-02-23T12:15:00Z,Chinook salmon,Fall,Natural,Eye Riffle,Eye riffle_release site,Below Weir Riffle,599,7,Elastomer,Pink,Nose,,Yes
2,878,2022-03-01T09:28:00Z,Chinook salmon,Fall,Natural,Eye Riffle,Eye riffle_release site,Below Weir Riffle,495,7,Elastomer,Yellow,Nose,,Yes
2,879,2022-03-01T12:20:00Z,Chinook salmon,Fall,Natural,Herringer Riffle,Herringer_release site,Herringer release_ RL & RR,796,7,Elastomer,White,Nose,,Yes
2,880,2022-03-03T11:47:00Z,Chinook salmon,Fall,Natural,Eye Riffle,Herringer_release site,Herringer release_ RL & RR,535,7,Elastomer,Green,Nose,,Yes
2,881,2022-03-03T08:55:00Z,Chinook salmon,Fall,Natural,Eye Riffle,Eye riffle_release site,Below Weir Riffle,522,7,Elastomer,Orange,Nose,,Yes
2,882,2022-03-08T08:57:00Z,Chinook salmon,Fall,Natural,Eye Riffle,Eye riffle_release site,Below Weir Riffle,965,7,Elastomer,Pink,Nose,,Yes
2,883,2022-03-10T11:14:00Z,Chinook salmon,Fall,Natural,Eye Riffle,Herringer_release site,Herringer release_ RL & RR,648,7,Elastomer,White,Nose,,No
2,884,2022-03-16T09:31:00Z,Chinook salmon,Fall,Natural,Eye Riffle,Herringer_release site,Herringer release_ RL & RR,164,7,Elastomer,Green,Nose,,No
2,885,2022-03-30T11:56:00Z,Chinook salmon,Fall,Natural,Eye Riffle,Eye riffle_release site,Below Weir Riffle,132,7,Elastomer,Yellow,Nose,,Yes
2,886,2022-04-06T11:38:00Z,Chinook salmon,Fall,Natural,Eye Riffle,Herringer_release site,Herringer release_ RL & RR,53,7,Elastomer,White,Nose,,No
2,887,2022-04-20T09:29:00Z,Chinook salmon,Fall,Natural,Eye Riffle,Eye riffle_release site,Below Weir Riffle,258,7,Elastomer,Orange,Nose,,Yes
2,888,2022-01-12T10:00:00Z,Chinook salmon,Fall,Natural,Eye Riffle,Eye riffle_release site,Below Weir Riffle,884,7,Elastomer,Pink,Nose,,Yes
2,889,2023-01-12T09:56:00Z,Chinook salmon,Fall,Natural,Eye Riffle,Eye riffle_release site,Below Weir Riffle,884,7,Elastomer,Pink,Nose,,Yes
2,890,2023-01-18T10:13:00Z,Chinook salmon,Fall,Natural,Eye Riffle,Eye riffle_release site,Below Weir Riffle,723,10,Elastomer,Orange,Nose,,Yes
2,891,2023-01-26T10:00:00Z,Chinook salmon,Fall,Natural,Eye Riffle,Eye riffle_release site,Below Weir Riffle,1284,7,Elastomer,Pink,Nose,,Yes
2,892,2023-02-01T13:35:00Z,Chinook salmon,Fall,Natural,Eye Riffle,Eye riffle_release site,Below Weir Riffle,1893,7,Elastomer,Orange,Nose,,Yes
2,893,2023-02-09T13:00:00Z,Chinook salmon,Fall,Natural,Eye Riffle,Eye riffle_release site,Below Weir Riffle,689,7,Elastomer,Pink,Nose,,Yes
2,894,2023-02-22T12:30:00Z,Chinook salmon,Fall,Natural,Eye Riffle,Eye riffle_release site,Below Weir Riffle,751,7,Elastomer,Pink,Nose,,Yes
2,895,2023-03-01T09:58:00Z,Chinook salmon,Fall,Natural,Eye Riffle,Eye riffle_release site,Below Weir Riffle,1003,8,Elastomer,Orange,Nose,,Yes
2,896,2023-03-08T11:28:00Z,Chinook salmon,Fall,Natural,Eye Riffle,Eye riffle_release site,Below Weir Riffle,475,7,Elastomer,Green,Nose,,Yes
2,897,2023-01-10T10:32:00Z,Chinook salmon,Fall,Natural,Eye Riffle,Herringer_release site,Herringer release_ RL & RR,496,7,Elastomer,White,Nose,,Yes
2,898,2023-01-18T12:53:00Z,Chinook salmon,Fall,Natural,Eye Riffle,Herringer_release site,Herringer release_ RL & RR,727,7,Elastomer,Green,Nose,,Yes
2,899,2023-01-25T10:04:00Z,Chinook salmon,Fall,Natural,Eye Riffle,Herringer_release site,Herringer release_ RL & RR,1417,7,Elastomer,White,Nose,,Yes
2,900,2023-02-02T10:16:00Z,Chinook salmon,Fall,Natural,Herringer Riffle,Herringer_release site,Herringer release_ RL & RR,1486,7,Elastomer,Green,Nose,,Yes
2,901,2023-02-09T11:00:00Z,Chinook salmon,Fall,Natural,Eye Riffle,Herringer_release site,Herringer release_ RL & RR,728,7,Elastomer,White,Nose,,Yes
2,902,2023-03-30T14:30:00Z,Chinook salmon,Fall,Hatchery,Not recorded,Eye riffle_release site,Below Weir Riffle,2305,7,Elastomer,Orange,Nose,,Yes
2,903,2023-02-24T10:43:00Z,Chinook salmon,Fall,Natural,Eye Riffle,Herringer_release site,Herringer release_ RL & RR,943,7,Elastomer,Green,Nose,,Yes
2,904,2023-04-05T11:50:00Z,Chinook salmon,Fall,Hatchery,Not recorded,Herringer_release site,Herringer release_ RL & RR,4014,7,Elastomer,Green,Nose,,Yes
2,905,2024-01-10T12:30:00Z,Chinook salmon,Fall,Natural,Herringer Riffle,Eye riffle_release site,Below Weir Riffle,567,7,Elastomer,Pink,Nose,,Yes
2,906,2024-01-17T12:51:00Z,Chinook salmon,Fall,Natural,Herringer Riffle,Eye riffle_release site,Below Weir Riffle,361,7,Elastomer,Orange,Nose,,Yes
2,907,2024-01-05T09:38:00Z,Chinook salmon,Fall,Natural,Herringer Riffle,Herringer_release site,Herringer release_ RL & RR,191,7,Elastomer,White,Nose,,Yes
2,908,2024-01-12T11:05:00Z,Chinook salmon,Fall,Natural,Herringer Riffle,Herringer_release site,half mile above trap RM,571,7,Elastomer,Green,Nose,,Yes
2,909,2024-01-17T10:05:00Z,Chinook salmon,Fall,Natural,Herringer Riffle,Herringer_release site,Herringer release_ RL & RR,523,7,Elastomer,White,Nose,,Yes
2,910,2024-01-19T10:17:00Z,Chinook salmon,Fall,Natural,Eye Riffle,Eye riffle_release site,Below Weir Riffle,444,7,Elastomer,Pink,Nose,,Yes
2,911,2024-01-19T13:26:00Z,Chinook salmon,Fall,Natural,Herringer Riffle,Herringer_release site,half mile above trap RM,1077,7,Elastomer,Blue,Nose,,Yes
2,912,2024-01-24T11:00:00Z,Chinook salmon,Fall,Natural,Eye Riffle,Eye riffle_release site,Below Weir Riffle,530,7,Elastomer,Yellow,Nose,,Yes
2,913,2024-01-26T13:40:00Z,Chinook salmon,Fall,Natural,Eye Riffle,Eye riffle_release site,Below Weir Riffle,497,7,Elastomer,White,Nose,,Yes
2,914,2024-01-31T10:05:00Z,Chinook salmon,Fall,Natural,Herringer Riffle,Eye riffle_release site,Below Weir Riffle,600,7,Elastomer,Yellow,Nose,,No
2,915,2024-01-24T09:00:00Z,Chinook salmon,Fall,Natural,Herringer Riffle,Herringer_release site,Herringer release_ RL & RR,350,7,Elastomer,Green,Nose,,Yes
2,916,2024-01-26T10:32:00Z,Chinook salmon,Fall,Natural,Herringer Riffle,Herringer_release site,Herringer release_ RL & RR,343,7,Elastomer,Pink,Nose,,Yes
2,917,2024-02-09T12:39:00Z,Chinook salmon,Fall,Natural,Eye Riffle,Eye riffle_release site,Below Weir Riffle,1013,7,Elastomer,Pink,Nose,,Yes
2,919,2024-02-23T12:17:00Z,Chinook salmon,Fall,Natural,Eye Riffle,Eye riffle_release site,Below Weir Riffle,970,7,Elastomer,Yellow,Nose,,Yes
2,920,2024-02-28T14:33:00Z,Chinook salmon,Fall,Natural,Eye Riffle,Eye riffle_release site,Below Weir Riffle,1169,7,Elastomer,Pink,Nose,,Yes
2,921,2024-03-08T12:00:00Z,Chinook salmon,Fall,Natural,Eye Riffle,Eye riffle_release site,Below Weir Riffle,100,7,Elastomer,Yellow,Nose,,Yes
2,922,2024-02-08T10:31:00Z,Chinook salmon,Fall,Natural,Eye Riffle,Herringer_release site,half mile above trap RM,959,7,Elastomer,White,Nose,,Yes
2,923,2024-02-16T12:10:00Z,Chinook salmon,Fall,Mixed,Eye Riffle,Herringer_release site,half mile above trap RM,1439,9,Elastomer,Green,Nose,,Yes
2,924,2024-02-22T10:54:00Z,Chinook salmon,Fall,Natural,Eye Riffle,Herringer_release site,half mile above trap RM,1936,11,Elastomer,White,Nose,,Yes
2,925,2024-03-07T10:34:00Z,Chinook salmon,Fall,Natural,Eye Riffle,Herringer_release site,half mile above trap RM,1208,7,Elastomer,Green,Nose,,Yes
2,926,2024-03-14T12:15:00Z,Chinook salmon,Fall,Natural,Eye Riffle,Eye riffle_release site,Below Weir Riffle,1380,9,Elastomer,Pink,Nose,,Yes
2,927,2024-03-22T11:52:00Z,Chinook salmon,Fall,Natural,Eye Riffle,Eye riffle_release site,Below Weir Riffle,349,7,Elastomer,Yellow,Nose,,Yes
2,928,2024-03-26T12:39:00Z,Chinook salmon,Fall,Natural,Eye Riffle,Eye riffle_release site,Below Weir Riffle,263,7,Elastomer,Pink,Nose,,Yes
2,929,2024-03-12T11:06:00Z,Chinook salmon,Fall,Natural,Herringer Riffle,Herringer_release site,half mile above trap RM,989,7,Elastomer,Blue,Nose,,Yes
2,930,2024-03-20T09:53:00Z,Chinook salmon,Fall,Natural,Eye Riffle,Herringer_release site,half mile above trap RM,690,7,Elastomer,White,Nose,,Yes
2,931,2025-01-08T11:44:00Z,Chinook salmon,Fall,Natural,Eye Riffle,Eye riffle_release site,Below Weir Riffle,531,7,Elastomer,Pink,Nose,,Yes
2,932,2025-01-09T10:00:00Z,Chinook salmon,Fall,Natural,Eye Riffle,Eye riffle_release site,Below Weir Riffle,729,7,Elastomer,Yellow,Nose,,Yes
2,933,2025-01-14T12:10:00Z,Chinook salmon,Fall,Natural,Eye Riffle,Eye riffle_release site,Below Weir Riffle,988,7,Elastomer,Orange,Nose,,Yes
2,934,2025-01-17T12:41:00Z,Chinook salmon,Fall,Natural,Eye Riffle,Eye riffle_release site,Below Weir Riffle,1030,7,Elastomer,White,Nose,,Yes
2,935,2025-01-23T13:40:00Z,Chinook salmon,Fall,Natural,Eye Riffle,Eye riffle_release site,Below Weir Riffle,1500,7,Elastomer,Yellow,Nose,,Yes
2,936,2025-01-25T21:37:00Z,Chinook salmon,Fall,Natural,Eye Riffle,Eye riffle_release site,Below Weir Riffle,795,7,Elastomer,Pink,Nose,,Yes
2,937,2025-01-29T09:49:00Z,Chinook salmon,Fall,Natural,Eye Riffle,Eye riffle_release site,Below Weir Riffle,1045,7,Elastomer,Orange,Nose,,Yes
2,938,2025-01-08T09:31:00Z,Chinook salmon,Fall,Natural,Eye Riffle,Herringer_release site,half mile above trap RM,599,7,Elastomer,White,Nose,,Yes
2,939,2025-01-15T09:44:00Z,Chinook salmon,Fall,Natural,Eye Riffle,Herringer_release site,half mile above trap RM,1492,7,Elastomer,Blue,Nose,,Yes
2,940,2025-01-17T09:44:00Z,Chinook salmon,Fall,Natural,Herringer Riffle,Herringer_release site,half mile above trap RM,1413,7,Elastomer,Green,Nose,,Yes
2,941,2025-01-23T10:40:00Z,Chinook salmon,Fall,Natural,Herringer Riffle,Herringer_release site,half mile above trap RM,1500,7,Elastomer,Purple / Violet,Nose,,Yes
2,942,2025-01-24T14:06:00Z,Chinook salmon,Fall,Natural,Herringer Riffle,Herringer_release site,half mile above trap RM,997,7,Elastomer,White,Nose,,Yes
2,943,2025-02-12T10:05:00Z,Chinook salmon,Fall,Natural,Eye Riffle,Eye riffle_release site,Below Weir Riffle,1087,7,Elastomer,Pink,Nose,,Yes
2,944,2025-02-20T12:45:00Z,Chinook salmon,Fall,Natural,Eye Riffle,Eye riffle_release site,Below Weir Riffle,1967,7,Elastomer,Yellow,Nose,,Yes
2,945,2025-02-28T12:06:00Z,Chinook salmon,Fall,Natural,Eye Riffle,Eye riffle_release site,Below Weir Riffle,1643,7,Elastomer,White,Nose,,Yes
2,946,2025-03-05T12:03:00Z,Chinook salmon,Fall,Natural,Eye Riffle,Eye riffle_release site,Below Weir Riffle,1286,7,Elastomer,Orange,Nose,,Yes
2,947,2025-01-28T09:30:00Z,Chinook salmon,Fall,Natural,Herringer Riffle,Herringer_release site,half mile above trap RM,844,7,Elastomer,Blue,Nose,,Yes
2,948,2025-02-14T13:30:00Z,Chinook salmon,Fall,Natural,Eye Riffle,Herringer_release site,half mile above trap RM,988,7,Elastomer,White,Nose,,Yes
2,949,2025-02-26T10:39:00Z,Chinook salmon,Fall,Natural,Eye Riffle,Herringer_release site,half mile above trap RM,1896,7,Pigment / dye,Brown,Whole body,,Yes
2,950,2025-03-05T10:06:00Z,Chinook salmon,Fall,Natural,Eye Riffle,Herringer_release site,half mile above trap RM,701,7,Elastomer,Green,Nose,,Yes
