ProjectDescriptionID,catchRawID,trapVisitID,commonName,releaseID,run,fishOrigin,lifeStage,forkLength,n,visitTime,visitTime2,visitType,siteName,subSiteName,markType,markColor,markPosition,markCode,trap_start_date,trap_end_date
9,5238,321,Chinook salmon,256,Fall,Natural,Parr,36,1,2015-02-14T11:00:03Z,2015-02-14T11:00:03Z,Unplanned restart,Knights Landing RST,8.3,Pigment / dye,Brown,Whole body,NA,2015-02-13T08:00:03Z,2015-02-14T11:00:03Z
9,5239,321,Chinook salmon,256,Fall,Natural,Parr,40,1,2015-02-14T11:00:03Z,2015-02-14T11:00:03Z,Unplanned restart,Knights Landing RST,8.3,Pigment / dye,Brown,Whole body,FALSE,2015-02-13T08:00:03Z,2015-02-14T11:00:03Z
9,5240,321,Chinook salmon,256,Fall,Natural,Parr,40,1,2015-02-14T11:00:03Z,2015-02-14T11:00:03Z,Unplanned restart,Knights Landing RST,8.3,Pigment / dye,Brown,Whole body,NA,2015-02-13T08:00:03Z,2015-02-14T11:00:03Z
9,5241,321,Chinook salmon,256,Fall,Natural,Parr,46,1,2015-02-14T11:00:03Z,2015-02-14T11:00:03Z,Unplanned restart,Knights Landing RST,8.3,Pigment / dye,Brown,Whole body,NA,2015-02-13T08:00:03Z,2015-02-14T11:00:03Z
9,5242,321,Chinook salmon,256,Fall,Natural,Parr,39,1,2015-02-14T11:00:03Z,2015-02-14T11:00:03Z,Unplanned restart,Knights Landing RST,8.3,Pigment / dye,Brown,Whole body,NA,2015-02-13T08:00:03Z,2015-02-14T11:00:03Z
9,5243,321,Chinook salmon,256,Fall,Natural,Parr,37,1,2015-02-14T11:00:03Z,2015-02-14T11:00:03Z,Unplanned restart,Knights Landing RST,8.3,Pigment / dye,Brown,Whole body,NA,2015-02-13T08:00:03Z,2015-02-14T11:00:03Z
9,5244,321,Chinook salmon,256,Fall,Natural,Parr,39,1,2015-02-14T11:00:03Z,2015-02-14T11:00:03Z,Unplanned restart,Knights Landing RST,8.3,Pigment / dye,Brown,Whole body,NA,2015-02-13T08:00:03Z,2015-02-14T11:00:03Z
9,5245,321,Chinook salmon,256,Fall,Natural,Parr,35,1,2015-02-14T11:00:03Z,2015-02-14T11:00:03Z,Unplanned restart,Knights Landing RST,8.3,Pigment / dye,Brown,Whole body,NA,2015-02-13T08:00:03Z,2015-02-14T11:00:03Z
9,5246,321,Chinook salmon,256,Fall,Natural,Parr,38,1,2015-02-14T11:00:03Z,2015-02-14T11:00:03Z,Unplanned restart,Knights Landing RST,8.3,Pigment / dye,Brown,Whole body,NA,2015-02-13T08:00:03Z,2015-02-14T11:00:03Z
9,5247,321,Chinook salmon,256,Fall,Natural,Parr,39,1,2015-02-14T11:00:03Z,2015-02-14T11:00:03Z,Unplanned restart,Knights Landing RST,8.3,Pigment / dye,Brown,Whole body,NA,2015-02-13T08:00:03Z,2015-02-14T11:00:03Z
9,5248,321,Chinook salmon,256,Fall,Natural,Parr,43,1,2015-02-14T11:00:03Z,2015-02-14T11:00:03Z,Unplanned restart,Knights Landing RST,8.3,Pigment / dye,Brown,Whole body,NA,2015-02-13T08:00:03Z,2015-02-14T11:00:03Z
9,5249,321,Chinook salmon,256,Fall,Natural,Parr,42,1,2015-02-14T11:00:03Z,2015-02-14T11:00:03Z,Unplanned restart,Knights Landing RST,8.3,Pigment / dye,Brown,Whole body,NA,2015-02-13T08:00:03Z,2015-02-14T11:00:03Z
9,5407,322,Chinook salmon,256,Fall,Natural,Parr,35,1,2015-02-14T11:00:03Z,2015-02-14T11:00:03Z,Unplanned restart,Knights Landing RST,8.4,Pigment / dye,Brown,Whole body,NA,2015-02-13T08:00:03Z,2015-02-14T11:00:03Z
9,5408,322,Chinook salmon,256,Fall,Natural,Parr,44,1,2015-02-14T11:00:03Z,2015-02-14T11:00:03Z,Unplanned restart,Knights Landing RST,8.4,Pigment / dye,Brown,Whole body,NA,2015-02-13T08:00:03Z,2015-02-14T11:00:03Z
9,5409,322,Chinook salmon,256,Fall,Natural,Parr,37,1,2015-02-14T11:00:03Z,2015-02-14T11:00:03Z,Unplanned restart,Knights Landing RST,8.4,Pigment / dye,Brown,Whole body,NA,2015-02-13T08:00:03Z,2015-02-14T11:00:03Z
9,5410,322,Chinook salmon,256,Fall,Natural,Parr,39,1,2015-02-14T11:00:03Z,2015-02-14T11:00:03Z,Unplanned restart,Knights Landing RST,8.4,Pigment / dye,Brown,Whole body,NA,2015-02-13T08:00:03Z,2015-02-14T11:00:03Z
9,5411,322,Chinook salmon,256,Fall,Natural,Button-up fry,41,1,2015-02-14T11:00:03Z,2015-02-14T11:00:03Z,Unplanned restart,Knights Landing RST,8.4,Pigment / dye,Brown,Whole body,NA,2015-02-13T08:00:03Z,2015-02-14T11:00:03Z
9,5412,322,Chinook salmon,256,Fall,Natural,Parr,40,1,2015-02-14T11:00:03Z,2015-02-14T11:00:03Z,Unplanned restart,Knights Landing RST,8.4,Pigment / dye,Brown,Whole body,NA,2015-02-13T08:00:03Z,2015-02-14T11:00:03Z
9,5413,322,Chinook salmon,256,Fall,Natural,Parr,40,1,2015-02-14T11:00:03Z,2015-02-14T11:00:03Z,Unplanned restart,Knights Landing RST,8.4,Pigment / dye,Brown,Whole body,NA,2015-02-13T08:00:03Z,2015-02-14T11:00:03Z
9,5414,322,Chinook salmon,256,Fall,Natural,Parr,39,1,2015-02-14T11:00:03Z,2015-02-14T11:00:03Z,Unplanned restart,Knights Landing RST,8.4,Pigment / dye,Brown,Whole body,NA,2015-02-13T08:00:03Z,2015-02-14T11:00:03Z
9,5415,322,Chinook salmon,256,Fall,Natural,Parr,38,1,2015-02-14T11:00:03Z,2015-02-14T11:00:03Z,Unplanned restart,Knights Landing RST,8.4,Pigment / dye,Brown,Whole body,NA,2015-02-13T08:00:03Z,2015-02-14T11:00:03Z
9,5416,322,Chinook salmon,256,Fall,Natural,Parr,38,1,2015-02-14T11:00:03Z,2015-02-14T11:00:03Z,Unplanned restart,Knights Landing RST,8.4,Pigment / dye,Brown,Whole body,NA,2015-02-13T08:00:03Z,2015-02-14T11:00:03Z
9,5484,323,Chinook salmon,256,Fall,Natural,Parr,38,1,2015-02-15T10:00:03Z,2015-02-15T12:30:03Z,Unplanned restart,Knights Landing RST,8.3,Pigment / dye,Brown,Whole body,NA,2015-02-14T11:00:03Z,2015-02-15T10:00:03Z
9,5546,324,Chinook salmon,256,Fall,Hatchery,Parr,38,1,2015-02-15T10:00:03Z,2015-02-15T12:30:03Z,Unplanned restart,Knights Landing RST,8.4,Pigment / dye,Brown,Whole body,NA,2015-02-14T11:00:03Z,2015-02-15T10:00:03Z
9,5639,327,Chinook salmon,256,Fall,Natural,Parr,37,1,2015-02-17T09:00:03Z,2015-02-17T09:00:03Z,Continue trapping,Knights Landing RST,8.3,Pigment / dye,Brown,Whole body,NA,2015-02-16T10:00:03Z,2015-02-17T09:00:03Z
9,5640,327,Chinook salmon,256,Fall,Natural,Parr,43,1,2015-02-17T09:00:03Z,2015-02-17T09:00:03Z,Continue trapping,Knights Landing RST,8.3,Pigment / dye,Brown,Whole body,NA,2015-02-16T10:00:03Z,2015-02-17T09:00:03Z
9,5687,328,Chinook salmon,256,Fall,Natural,Button-up fry,38,1,2015-02-17T09:00:03Z,2015-02-17T09:00:03Z,Continue trapping,Knights Landing RST,8.4,Pigment / dye,Brown,Whole body,NA,2015-02-16T10:00:03Z,2015-02-17T09:00:03Z
9,5688,328,Chinook salmon,256,Fall,Natural,Parr,48,1,2015-02-17T09:00:03Z,2015-02-17T09:00:03Z,Continue trapping,Knights Landing RST,8.4,Pigment / dye,Brown,Whole body,NA,2015-02-16T10:00:03Z,2015-02-17T09:00:03Z
9,5689,328,Chinook salmon,256,Fall,Natural,Button-up fry,39,1,2015-02-17T09:00:03Z,2015-02-17T09:00:03Z,Continue trapping,Knights Landing RST,8.4,Pigment / dye,Brown,Whole body,NA,2015-02-16T10:00:03Z,2015-02-17T09:00:03Z
9,5690,328,Chinook salmon,256,Fall,Natural,Parr,39,1,2015-02-17T09:00:03Z,2015-02-17T09:00:03Z,Continue trapping,Knights Landing RST,8.4,Pigment / dye,Brown,Whole body,NA,2015-02-16T10:00:03Z,2015-02-17T09:00:03Z
9,11616,781,Chinook salmon,269,Fall,Natural,Button-up fry,38,1,2012-01-30T11:00:03Z,2012-01-30T11:00:03Z,Unplanned restart,Knights Landing RST,8.3,Pigment / dye,Brown,Whole body,NA,2012-01-28T10:15:03Z,2012-01-30T11:00:03Z
9,11617,781,Chinook salmon,269,Fall,Natural,Parr,38,1,2012-01-30T11:00:03Z,2012-01-30T11:00:03Z,Unplanned restart,Knights Landing RST,8.3,Pigment / dye,Brown,Whole body,NA,2012-01-28T10:15:03Z,2012-01-30T11:00:03Z
9,11618,781,Chinook salmon,269,Fall,Natural,Button-up fry,38,1,2012-01-30T11:00:03Z,2012-01-30T11:00:03Z,Unplanned restart,Knights Landing RST,8.3,Pigment / dye,Brown,Whole body,NA,2012-01-28T10:15:03Z,2012-01-30T11:00:03Z
9,11721,782,Chinook salmon,269,Fall,Natural,Button-up fry,39,1,2012-01-30T10:30:03Z,2012-01-30T10:30:03Z,Unplanned restart,Knights Landing RST,8.4,Pigment / dye,Brown,Whole body,NA,2012-01-28T10:00:03Z,2012-01-30T10:30:03Z
9,11722,782,Chinook salmon,269,Fall,Natural,Button-up fry,33,1,2012-01-30T10:30:03Z,2012-01-30T10:30:03Z,Unplanned restart,Knights Landing RST,8.4,Pigment / dye,Brown,Whole body,NA,2012-01-28T10:00:03Z,2012-01-30T10:30:03Z
9,11723,782,Chinook salmon,269,Fall,Natural,Button-up fry,38,1,2012-01-30T10:30:03Z,2012-01-30T10:30:03Z,Unplanned restart,Knights Landing RST,8.4,Pigment / dye,Brown,Whole body,NA,2012-01-28T10:00:03Z,2012-01-30T10:30:03Z
9,11724,782,Chinook salmon,269,Fall,Natural,Button-up fry,37,1,2012-01-30T10:30:03Z,2012-01-30T10:30:03Z,Unplanned restart,Knights Landing RST,8.4,Pigment / dye,Brown,Whole body,NA,2012-01-28T10:00:03Z,2012-01-30T10:30:03Z
9,11725,782,Chinook salmon,269,Fall,Natural,Button-up fry,35,1,2012-01-30T10:30:03Z,2012-01-30T10:30:03Z,Unplanned restart,Knights Landing RST,8.4,Pigment / dye,Brown,Whole body,NA,2012-01-28T10:00:03Z,2012-01-30T10:30:03Z
9,11726,782,Chinook salmon,269,Fall,Natural,Button-up fry,37,1,2012-01-30T10:30:03Z,2012-01-30T10:30:03Z,Unplanned restart,Knights Landing RST,8.4,Pigment / dye,Brown,Whole body,NA,2012-01-28T10:00:03Z,2012-01-30T10:30:03Z
9,11948,784,Chinook salmon,269,Fall,Natural,Parr,38,1,2012-01-31T11:00:03Z,2012-01-31T11:00:03Z,Continue trapping,Knights Landing RST,8.4,Pigment / dye,Brown,Whole body,NA,2012-01-30T10:30:03Z,2012-01-31T11:00:03Z
9,12253,787,Chinook salmon,269,Fall,Natural,Button-up fry,37,1,2012-02-02T10:30:03Z,2012-02-02T10:30:03Z,Continue trapping,Knights Landing RST,8.3,Pigment / dye,Brown,Whole body,NA,2012-02-01T10:00:03Z,2012-02-02T10:30:03Z
9,12254,787,Chinook salmon,269,Fall,Natural,Parr,38,1,2012-02-02T10:30:03Z,2012-02-02T10:30:03Z,Continue trapping,Knights Landing RST,8.3,Pigment / dye,Brown,Whole body,NA,2012-02-01T10:00:03Z,2012-02-02T10:30:03Z
9,12284,788,Chinook salmon,269,Fall,Natural,Parr,38,1,2012-02-02T10:30:03Z,2012-02-02T10:30:03Z,Unplanned restart,Knights Landing RST,8.4,Pigment / dye,Brown,Whole body,NA,2012-02-01T10:00:03Z,2012-02-02T10:30:03Z
9,12589,793,Chinook salmon,268,Fall,Natural,Parr,35,1,2012-02-06T10:00:03Z,2012-02-06T10:00:03Z,Unplanned restart,Knights Landing RST,8.3,Pigment / dye,Brown,Whole body,NA,2012-02-04T10:00:03Z,2012-02-06T10:00:03Z
9,12662,794,Chinook salmon,268,Fall,Natural,Button-up fry,39,1,2012-02-06T11:00:03Z,2012-02-06T11:00:03Z,Continue trapping,Knights Landing RST,8.4,Pigment / dye,Brown,Whole body,NA,2012-02-04T10:00:03Z,2012-02-06T11:00:03Z
9,12663,794,Chinook salmon,268,Fall,Natural,Button-up fry,42,1,2012-02-06T11:00:03Z,2012-02-06T11:00:03Z,Continue trapping,Knights Landing RST,8.4,Pigment / dye,Brown,Whole body,NA,2012-02-04T10:00:03Z,2012-02-06T11:00:03Z
9,13894,859,Chinook salmon,267,Fall,Natural,Button-up fry,38,1,2012-03-20T11:00:03Z,2012-03-20T11:00:03Z,Continue trapping,Knights Landing RST,8.3,Pigment / dye,Brown,Whole body,NA,2012-03-19T14:00:03Z,2012-03-20T11:00:03Z
9,15603,882,Chinook salmon,266,Fall,Natural,Parr,50,1,2012-04-02T11:45:03Z,2012-04-02T11:45:03Z,Continue trapping,Knights Landing RST,8.3,Pigment / dye,Brown,Whole body,NA,2012-04-01T10:00:03Z,2012-04-02T11:45:03Z
9,16259,895,Chinook salmon,266,Fall,Natural,Parr,40,1,2012-04-03T10:45:03Z,2012-04-03T10:45:03Z,Continue trapping,Knights Landing RST,8.3,Pigment / dye,Brown,Whole body,NA,2012-04-02T11:45:03Z,2012-04-03T10:45:03Z
9,16260,895,Chinook salmon,266,Fall,Natural,Parr,41,1,2012-04-03T10:45:03Z,2012-04-03T10:45:03Z,Continue trapping,Knights Landing RST,8.3,Pigment / dye,Brown,Whole body,NA,2012-04-02T11:45:03Z,2012-04-03T10:45:03Z
9,16261,895,Chinook salmon,266,Fall,Natural,Parr,43,1,2012-04-03T10:45:03Z,2012-04-03T10:45:03Z,Continue trapping,Knights Landing RST,8.3,Pigment / dye,Brown,Whole body,NA,2012-04-02T11:45:03Z,2012-04-03T10:45:03Z
9,16262,895,Chinook salmon,266,Fall,Natural,Button-up fry,39,1,2012-04-03T10:45:03Z,2012-04-03T10:45:03Z,Continue trapping,Knights Landing RST,8.3,Pigment / dye,Brown,Whole body,NA,2012-04-02T11:45:03Z,2012-04-03T10:45:03Z
9,16263,895,Chinook salmon,266,Fall,Natural,Parr,55,1,2012-04-03T10:45:03Z,2012-04-03T10:45:03Z,Continue trapping,Knights Landing RST,8.3,Pigment / dye,Brown,Whole body,NA,2012-04-02T11:45:03Z,2012-04-03T10:45:03Z
9,16264,895,Chinook salmon,266,Fall,Natural,Parr,45,1,2012-04-03T10:45:03Z,2012-04-03T10:45:03Z,Continue trapping,Knights Landing RST,8.3,Pigment / dye,Brown,Whole body,NA,2012-04-02T11:45:03Z,2012-04-03T10:45:03Z
9,16265,895,Chinook salmon,266,Fall,Natural,Parr,42,1,2012-04-03T10:45:03Z,2012-04-03T10:45:03Z,Continue trapping,Knights Landing RST,8.3,Pigment / dye,Brown,Whole body,NA,2012-04-02T11:45:03Z,2012-04-03T10:45:03Z
9,16266,895,Chinook salmon,266,Fall,Natural,Parr,45,1,2012-04-03T10:45:03Z,2012-04-03T10:45:03Z,Continue trapping,Knights Landing RST,8.3,Pigment / dye,Brown,Whole body,NA,2012-04-02T11:45:03Z,2012-04-03T10:45:03Z
9,16267,895,Chinook salmon,266,Spring,Natural,Silvery parr,74,1,2012-04-03T10:45:03Z,2012-04-03T10:45:03Z,Continue trapping,Knights Landing RST,8.3,Pigment / dye,Brown,Whole body,NA,2012-04-02T11:45:03Z,2012-04-03T10:45:03Z
9,16268,895,Chinook salmon,266,Fall,Natural,Parr,45,1,2012-04-03T10:45:03Z,2012-04-03T10:45:03Z,Continue trapping,Knights Landing RST,8.3,Pigment / dye,Brown,Whole body,NA,2012-04-02T11:45:03Z,2012-04-03T10:45:03Z
9,16468,896,Chinook salmon,266,Fall,Natural,Parr,44,1,2012-04-03T11:00:03Z,2012-04-03T11:00:03Z,Continue trapping,Knights Landing RST,8.4,Pigment / dye,Brown,Whole body,NA,2012-04-02T12:30:03Z,2012-04-03T11:00:03Z
9,16469,896,Chinook salmon,266,Fall,Natural,Parr,44,1,2012-04-03T11:00:03Z,2012-04-03T11:00:03Z,Continue trapping,Knights Landing RST,8.4,Pigment / dye,Brown,Whole body,NA,2012-04-02T12:30:03Z,2012-04-03T11:00:03Z
9,16470,896,Chinook salmon,266,Fall,Natural,Parr,47,1,2012-04-03T11:00:03Z,2012-04-03T11:00:03Z,Continue trapping,Knights Landing RST,8.4,Pigment / dye,Brown,Whole body,NA,2012-04-02T12:30:03Z,2012-04-03T11:00:03Z
9,16471,896,Chinook salmon,266,Fall,Natural,Parr,48,1,2012-04-03T11:00:03Z,2012-04-03T11:00:03Z,Continue trapping,Knights Landing RST,8.4,Pigment / dye,Brown,Whole body,NA,2012-04-02T12:30:03Z,2012-04-03T11:00:03Z
9,16472,896,Chinook salmon,266,Fall,Natural,Parr,42,1,2012-04-03T11:00:03Z,2012-04-03T11:00:03Z,Continue trapping,Knights Landing RST,8.4,Pigment / dye,Brown,Whole body,NA,2012-04-02T12:30:03Z,2012-04-03T11:00:03Z
9,16473,896,Chinook salmon,266,Fall,Natural,Parr,42,1,2012-04-03T11:00:03Z,2012-04-03T11:00:03Z,Continue trapping,Knights Landing RST,8.4,Pigment / dye,Brown,Whole body,NA,2012-04-02T12:30:03Z,2012-04-03T11:00:03Z
9,16474,896,Chinook salmon,266,Fall,Natural,Parr,52,1,2012-04-03T11:00:03Z,2012-04-03T11:00:03Z,Continue trapping,Knights Landing RST,8.4,Pigment / dye,Brown,Whole body,NA,2012-04-02T12:30:03Z,2012-04-03T11:00:03Z
9,16475,896,Chinook salmon,266,Fall,Natural,Parr,70,1,2012-04-03T11:00:03Z,2012-04-03T11:00:03Z,Continue trapping,Knights Landing RST,8.4,Pigment / dye,Brown,Whole body,NA,2012-04-02T12:30:03Z,2012-04-03T11:00:03Z
9,16476,896,Chinook salmon,266,Fall,Natural,Parr,42,1,2012-04-03T11:00:03Z,2012-04-03T11:00:03Z,Continue trapping,Knights Landing RST,8.4,Pigment / dye,Brown,Whole body,NA,2012-04-02T12:30:03Z,2012-04-03T11:00:03Z
9,16477,896,Chinook salmon,266,Fall,Natural,Parr,47,1,2012-04-03T11:00:03Z,2012-04-03T11:00:03Z,Continue trapping,Knights Landing RST,8.4,Pigment / dye,Brown,Whole body,NA,2012-04-02T12:30:03Z,2012-04-03T11:00:03Z
9,16478,896,Chinook salmon,266,Fall,Natural,Parr,47,1,2012-04-03T11:00:03Z,2012-04-03T11:00:03Z,Continue trapping,Knights Landing RST,8.4,Pigment / dye,Brown,Whole body,NA,2012-04-02T12:30:03Z,2012-04-03T11:00:03Z
9,16479,896,Chinook salmon,266,Fall,Natural,Parr,43,1,2012-04-03T11:00:03Z,2012-04-03T11:00:03Z,Continue trapping,Knights Landing RST,8.4,Pigment / dye,Brown,Whole body,NA,2012-04-02T12:30:03Z,2012-04-03T11:00:03Z
9,16754,898,Chinook salmon,266,Fall,Natural,Parr,42,1,2012-04-04T11:15:03Z,2012-04-04T11:15:03Z,Continue trapping,Knights Landing RST,8.4,Pigment / dye,Brown,Whole body,NA,2012-04-03T11:00:03Z,2012-04-04T11:15:03Z
9,16755,898,Chinook salmon,266,Fall,Natural,Parr,40,1,2012-04-04T11:15:03Z,2012-04-04T11:15:03Z,Continue trapping,Knights Landing RST,8.4,Pigment / dye,Brown,Whole body,NA,2012-04-03T11:00:03Z,2012-04-04T11:15:03Z
9,16794,899,Chinook salmon,266,Spring,Natural,Silvery parr,77,1,2012-04-05T10:45:03Z,2012-04-05T10:45:03Z,Unplanned restart,Knights Landing RST,8.3,Pigment / dye,Brown,Whole body,NA,2012-04-04T11:00:03Z,2012-04-05T10:45:03Z
9,16934,900,Chinook salmon,266,Spring,Natural,Silvery parr,77,1,2012-04-05T11:00:03Z,2012-04-05T11:00:03Z,Continue trapping,Knights Landing RST,8.4,Pigment / dye,Brown,Whole body,NA,2012-04-04T11:15:03Z,2012-04-05T11:00:03Z
9,16935,900,Chinook salmon,266,Fall,Natural,Parr,49,1,2012-04-05T11:00:03Z,2012-04-05T11:00:03Z,Continue trapping,Knights Landing RST,8.4,Pigment / dye,Brown,Whole body,NA,2012-04-04T11:15:03Z,2012-04-05T11:00:03Z
9,25265,1544,Chinook salmon,260,Fall,Natural,Not recorded,40,1,2014-02-20T07:30:03Z,2014-02-20T09:00:03Z,Continue trapping,Knights Landing RST,8.3,Pigment / dye,Brown,Whole body,NA,2014-02-19T18:30:03Z,2014-02-20T07:30:03Z
9,26564,1572,Chinook salmon,261,Fall,Natural,Parr,45,1,2014-02-27T08:00:03Z,2014-02-27T08:30:03Z,Continue trapping,Knights Landing RST,8.3,Pigment / dye,Brown,Whole body,NA,2014-02-26T18:00:03Z,2014-02-27T08:00:03Z
9,26603,1573,Chinook salmon,261,Fall,Natural,Parr,48,1,2014-02-27T08:00:03Z,2014-02-27T08:30:03Z,Continue trapping,Knights Landing RST,8.4,Pigment / dye,Brown,Whole body,NA,2014-02-26T18:00:03Z,2014-02-27T08:00:03Z
9,27894,1598,Chinook salmon,262,NA,Natural,Not recorded,NA,1,2014-03-05T17:30:03Z,2014-03-05T17:30:03Z,End trapping,Knights Landing RST,8.3,Pigment / dye,Brown,Whole body,NA,2014-03-05T07:30:03Z,2014-03-05T17:30:03Z
9,27961,1599,Chinook salmon,262,NA,Unknown,Not recorded,NA,4,2014-03-05T17:30:03Z,2014-03-05T17:30:03Z,End trapping,Knights Landing RST,8.4,Pigment / dye,Brown,Whole body,NA,2014-03-05T07:30:03Z,2014-03-05T17:30:03Z
9,28881,1618,Chinook salmon,263,Fall,Natural,Button-up fry,36,1,2014-03-11T17:30:03Z,2014-03-11T17:30:03Z,End trapping,Knights Landing RST,8.3,Pigment / dye,Brown,Whole body,NA,2014-03-11T08:00:03Z,2014-03-11T17:30:03Z
9,28882,1618,Chinook salmon,263,Fall,Natural,Button-up fry,44,1,2014-03-11T17:30:03Z,2014-03-11T17:30:03Z,End trapping,Knights Landing RST,8.3,Pigment / dye,Brown,Whole body,NA,2014-03-11T08:00:03Z,2014-03-11T17:30:03Z
9,28883,1618,Chinook salmon,263,Fall,Natural,Button-up fry,36,1,2014-03-11T17:30:03Z,2014-03-11T17:30:03Z,End trapping,Knights Landing RST,8.3,Pigment / dye,Brown,Whole body,NA,2014-03-11T08:00:03Z,2014-03-11T17:30:03Z
9,28884,1618,Chinook salmon,263,Fall,Natural,Button-up fry,46,1,2014-03-11T17:30:03Z,2014-03-11T17:30:03Z,End trapping,Knights Landing RST,8.3,Pigment / dye,Brown,Whole body,NA,2014-03-11T08:00:03Z,2014-03-11T17:30:03Z
9,28885,1618,Chinook salmon,263,Fall,Natural,Button-up fry,53,1,2014-03-11T17:30:03Z,2014-03-11T17:30:03Z,End trapping,Knights Landing RST,8.3,Pigment / dye,Brown,Whole body,NA,2014-03-11T08:00:03Z,2014-03-11T17:30:03Z
9,28886,1618,Chinook salmon,263,Fall,Natural,Button-up fry,37,1,2014-03-11T17:30:03Z,2014-03-11T17:30:03Z,End trapping,Knights Landing RST,8.3,Pigment / dye,Brown,Whole body,NA,2014-03-11T08:00:03Z,2014-03-11T17:30:03Z
9,28887,1618,Chinook salmon,263,Fall,Natural,Button-up fry,40,1,2014-03-11T17:30:03Z,2014-03-11T17:30:03Z,End trapping,Knights Landing RST,8.3,Pigment / dye,Brown,Whole body,NA,2014-03-11T08:00:03Z,2014-03-11T17:30:03Z
9,28960,1619,Chinook salmon,263,Fall,Natural,Button-up fry,55,1,2014-03-11T17:30:03Z,2014-03-11T17:30:03Z,End trapping,Knights Landing RST,8.4,Pigment / dye,Brown,Whole body,NA,2014-03-11T08:00:03Z,2014-03-11T17:30:03Z
9,28961,1619,Chinook salmon,263,Fall,Natural,Button-up fry,45,1,2014-03-11T17:30:03Z,2014-03-11T17:30:03Z,End trapping,Knights Landing RST,8.4,Pigment / dye,Brown,Whole body,NA,2014-03-11T08:00:03Z,2014-03-11T17:30:03Z
9,36261,2038,Chinook salmon,270,Fall,Natural,Parr,36,1,2016-01-10T11:30:03Z,2016-01-10T11:30:03Z,Continue trapping,Knights Landing RST,8.3,Pigment / dye,Brown,Whole body,NA,2016-01-09T14:30:03Z,2016-01-10T11:30:03Z
9,36262,2038,Chinook salmon,270,Fall,Natural,Parr,38,1,2016-01-10T11:30:03Z,2016-01-10T11:30:03Z,Continue trapping,Knights Landing RST,8.3,Pigment / dye,Brown,Whole body,NA,2016-01-09T14:30:03Z,2016-01-10T11:30:03Z
9,36263,2038,Chinook salmon,270,Fall,Natural,Parr,39,1,2016-01-10T11:30:03Z,2016-01-10T11:30:03Z,Continue trapping,Knights Landing RST,8.3,Pigment / dye,Brown,Whole body,NA,2016-01-09T14:30:03Z,2016-01-10T11:30:03Z
9,36264,2038,Chinook salmon,270,Fall,Natural,Parr,40,1,2016-01-10T11:30:03Z,2016-01-10T11:30:03Z,Continue trapping,Knights Landing RST,8.3,Pigment / dye,Brown,Whole body,NA,2016-01-09T14:30:03Z,2016-01-10T11:30:03Z
9,36393,2039,Chinook salmon,270,Fall,Natural,Parr,37,1,2016-01-10T11:30:03Z,2016-01-10T11:30:03Z,Unplanned restart,Knights Landing RST,8.4,Pigment / dye,Brown,Whole body,NA,2016-01-09T14:30:03Z,2016-01-10T11:30:03Z
9,36394,2039,Chinook salmon,270,Fall,Natural,Parr,38,1,2016-01-10T11:30:03Z,2016-01-10T11:30:03Z,Unplanned restart,Knights Landing RST,8.4,Pigment / dye,Brown,Whole body,NA,2016-01-09T14:30:03Z,2016-01-10T11:30:03Z
9,36395,2039,Chinook salmon,270,Fall,Natural,Parr,37,1,2016-01-10T11:30:03Z,2016-01-10T11:30:03Z,Unplanned restart,Knights Landing RST,8.4,Pigment / dye,Brown,Whole body,NA,2016-01-09T14:30:03Z,2016-01-10T11:30:03Z
9,36628,2041,Chinook salmon,270,Fall,Natural,Parr,35,1,2016-01-11T11:00:03Z,2016-01-11T11:00:03Z,Continue trapping,Knights Landing RST,8.4,Pigment / dye,Brown,Whole body,NA,2016-01-10T11:30:03Z,2016-01-11T11:00:03Z
9,36629,2041,Chinook salmon,270,Fall,Natural,Parr,36,1,2016-01-11T11:00:03Z,2016-01-11T11:00:03Z,Continue trapping,Knights Landing RST,8.4,Pigment / dye,Brown,Whole body,NA,2016-01-10T11:30:03Z,2016-01-11T11:00:03Z
9,36630,2041,Chinook salmon,270,Fall,Natural,Parr,37,1,2016-01-11T11:00:03Z,2016-01-11T11:00:03Z,Continue trapping,Knights Landing RST,8.4,Pigment / dye,Brown,Whole body,NA,2016-01-10T11:30:03Z,2016-01-11T11:00:03Z
9,36631,2041,Chinook salmon,270,Fall,Natural,Parr,38,1,2016-01-11T11:00:03Z,2016-01-11T11:00:03Z,Continue trapping,Knights Landing RST,8.4,Pigment / dye,Brown,Whole body,NA,2016-01-10T11:30:03Z,2016-01-11T11:00:03Z
9,36632,2041,Chinook salmon,270,Fall,Natural,Parr,35,1,2016-01-11T11:00:03Z,2016-01-11T11:00:03Z,Continue trapping,Knights Landing RST,8.4,Pigment / dye,Brown,Whole body,NA,2016-01-10T11:30:03Z,2016-01-11T11:00:03Z
9,36633,2041,Chinook salmon,270,Fall,Natural,Parr,38,1,2016-01-11T11:00:03Z,2016-01-11T11:00:03Z,Continue trapping,Knights Landing RST,8.4,Pigment / dye,Brown,Whole body,NA,2016-01-10T11:30:03Z,2016-01-11T11:00:03Z
9,36763,2043,Chinook salmon,270,Fall,Natural,Parr,42,1,2016-01-12T11:00:03Z,2016-01-12T11:00:03Z,Continue trapping,Knights Landing RST,8.3,Pigment / dye,Brown,Whole body,NA,2016-01-11T10:30:03Z,2016-01-12T11:00:03Z
9,36764,2043,Chinook salmon,270,Fall,Natural,Parr,38,1,2016-01-12T11:00:03Z,2016-01-12T11:00:03Z,Continue trapping,Knights Landing RST,8.3,Pigment / dye,Brown,Whole body,NA,2016-01-11T10:30:03Z,2016-01-12T11:00:03Z
9,36765,2043,Chinook salmon,270,Fall,Natural,Parr,37,1,2016-01-12T11:00:03Z,2016-01-12T11:00:03Z,Continue trapping,Knights Landing RST,8.3,Pigment / dye,Brown,Whole body,NA,2016-01-11T10:30:03Z,2016-01-12T11:00:03Z
9,36766,2043,Chinook salmon,270,Fall,Natural,Parr,37,1,2016-01-12T11:00:03Z,2016-01-12T11:00:03Z,Continue trapping,Knights Landing RST,8.3,Pigment / dye,Brown,Whole body,NA,2016-01-11T10:30:03Z,2016-01-12T11:00:03Z
9,36767,2043,Chinook salmon,270,Fall,Natural,Parr,38,1,2016-01-12T11:00:03Z,2016-01-12T11:00:03Z,Continue trapping,Knights Landing RST,8.3,Pigment / dye,Brown,Whole body,NA,2016-01-11T10:30:03Z,2016-01-12T11:00:03Z
9,36768,2043,Chinook salmon,270,Fall,Natural,Parr,37,1,2016-01-12T11:00:03Z,2016-01-12T11:00:03Z,Continue trapping,Knights Landing RST,8.3,Pigment / dye,Brown,Whole body,NA,2016-01-11T10:30:03Z,2016-01-12T11:00:03Z
9,36769,2043,Chinook salmon,270,Fall,Natural,Parr,38,1,2016-01-12T11:00:03Z,2016-01-12T11:00:03Z,Continue trapping,Knights Landing RST,8.3,Pigment / dye,Brown,Whole body,NA,2016-01-11T10:30:03Z,2016-01-12T11:00:03Z
9,36770,2043,Chinook salmon,270,Fall,Natural,Parr,38,1,2016-01-12T11:00:03Z,2016-01-12T11:00:03Z,Continue trapping,Knights Landing RST,8.3,Pigment / dye,Brown,Whole body,NA,2016-01-11T10:30:03Z,2016-01-12T11:00:03Z
9,36771,2043,Chinook salmon,270,Fall,Natural,Parr,34,1,2016-01-12T11:00:03Z,2016-01-12T11:00:03Z,Continue trapping,Knights Landing RST,8.3,Pigment / dye,Brown,Whole body,NA,2016-01-11T10:30:03Z,2016-01-12T11:00:03Z
9,36772,2043,Chinook salmon,270,Fall,Natural,Parr,38,1,2016-01-12T11:00:03Z,2016-01-12T11:00:03Z,Continue trapping,Knights Landing RST,8.3,Pigment / dye,Brown,Whole body,NA,2016-01-11T10:30:03Z,2016-01-12T11:00:03Z
9,36773,2043,Chinook salmon,270,Fall,Natural,Parr,39,1,2016-01-12T11:00:03Z,2016-01-12T11:00:03Z,Continue trapping,Knights Landing RST,8.3,Pigment / dye,Brown,Whole body,NA,2016-01-11T10:30:03Z,2016-01-12T11:00:03Z
9,36774,2043,Chinook salmon,270,Fall,Natural,Parr,36,1,2016-01-12T11:00:03Z,2016-01-12T11:00:03Z,Continue trapping,Knights Landing RST,8.3,Pigment / dye,Brown,Whole body,NA,2016-01-11T10:30:03Z,2016-01-12T11:00:03Z
9,36883,2044,Chinook salmon,270,Fall,Natural,Parr,38,1,2016-01-12T11:00:03Z,2016-01-12T11:00:03Z,Continue trapping,Knights Landing RST,8.4,Pigment / dye,Brown,Whole body,NA,2016-01-11T11:00:03Z,2016-01-12T11:00:03Z
9,36884,2044,Chinook salmon,270,Fall,Natural,Parr,38,1,2016-01-12T11:00:03Z,2016-01-12T11:00:03Z,Continue trapping,Knights Landing RST,8.4,Pigment / dye,Brown,Whole body,NA,2016-01-11T11:00:03Z,2016-01-12T11:00:03Z
9,36885,2044,Chinook salmon,270,Fall,Natural,Parr,36,1,2016-01-12T11:00:03Z,2016-01-12T11:00:03Z,Continue trapping,Knights Landing RST,8.4,Pigment / dye,Brown,Whole body,NA,2016-01-11T11:00:03Z,2016-01-12T11:00:03Z
9,36886,2044,Chinook salmon,270,Fall,Natural,Parr,38,1,2016-01-12T11:00:03Z,2016-01-12T11:00:03Z,Continue trapping,Knights Landing RST,8.4,Pigment / dye,Brown,Whole body,NA,2016-01-11T11:00:03Z,2016-01-12T11:00:03Z
9,36887,2044,Chinook salmon,270,Fall,Natural,Parr,36,1,2016-01-12T11:00:03Z,2016-01-12T11:00:03Z,Continue trapping,Knights Landing RST,8.4,Pigment / dye,Brown,Whole body,NA,2016-01-11T11:00:03Z,2016-01-12T11:00:03Z
9,36888,2044,Chinook salmon,270,Fall,Natural,Parr,37,1,2016-01-12T11:00:03Z,2016-01-12T11:00:03Z,Continue trapping,Knights Landing RST,8.4,Pigment / dye,Brown,Whole body,NA,2016-01-11T11:00:03Z,2016-01-12T11:00:03Z
9,36889,2044,Chinook salmon,270,Fall,Natural,Parr,38,1,2016-01-12T11:00:03Z,2016-01-12T11:00:03Z,Continue trapping,Knights Landing RST,8.4,Pigment / dye,Brown,Whole body,NA,2016-01-11T11:00:03Z,2016-01-12T11:00:03Z
9,36890,2044,Chinook salmon,270,Fall,Natural,Parr,39,1,2016-01-12T11:00:03Z,2016-01-12T11:00:03Z,Continue trapping,Knights Landing RST,8.4,Pigment / dye,Brown,Whole body,NA,2016-01-11T11:00:03Z,2016-01-12T11:00:03Z
9,36891,2044,Chinook salmon,270,Fall,Natural,Parr,38,1,2016-01-12T11:00:03Z,2016-01-12T11:00:03Z,Continue trapping,Knights Landing RST,8.4,Pigment / dye,Brown,Whole body,NA,2016-01-11T11:00:03Z,2016-01-12T11:00:03Z
9,37010,2045,Chinook salmon,270,Fall,Natural,Parr,39,1,2016-01-13T10:15:03Z,2016-01-13T10:15:03Z,Continue trapping,Knights Landing RST,8.3,Pigment / dye,Brown,Whole body,NA,2016-01-12T11:00:03Z,2016-01-13T10:15:03Z
9,37011,2045,Chinook salmon,270,Fall,Natural,Parr,40,1,2016-01-13T10:15:03Z,2016-01-13T10:15:03Z,Continue trapping,Knights Landing RST,8.3,Pigment / dye,Brown,Whole body,NA,2016-01-12T11:00:03Z,2016-01-13T10:15:03Z
9,37199,2046,Chinook salmon,270,Fall,Natural,Parr,40,1,2016-01-13T10:30:03Z,2016-01-13T10:30:03Z,Continue trapping,Knights Landing RST,8.4,Pigment / dye,Brown,Whole body,NA,2016-01-12T11:00:03Z,2016-01-13T10:30:03Z
9,37200,2046,Chinook salmon,270,Fall,Natural,Parr,39,1,2016-01-13T10:30:03Z,2016-01-13T10:30:03Z,Continue trapping,Knights Landing RST,8.4,Pigment / dye,Brown,Whole body,NA,2016-01-12T11:00:03Z,2016-01-13T10:30:03Z
9,37201,2046,Chinook salmon,270,Fall,Natural,Parr,38,1,2016-01-13T10:30:03Z,2016-01-13T10:30:03Z,Continue trapping,Knights Landing RST,8.4,Pigment / dye,Brown,Whole body,NA,2016-01-12T11:00:03Z,2016-01-13T10:30:03Z
9,37679,2050,Chinook salmon,270,Fall,Natural,Parr,40,1,2016-01-15T10:30:03Z,2016-01-15T10:30:03Z,Unplanned restart,Knights Landing RST,8.4,Pigment / dye,Brown,Whole body,NA,2016-01-14T10:30:03Z,2016-01-15T10:30:03Z
9,37795,2051,Chinook salmon,270,Fall,Natural,Parr,38,1,2016-01-16T09:45:03Z,2016-01-16T09:45:03Z,Continue trapping,Knights Landing RST,8.3,Pigment / dye,Brown,Whole body,NA,2016-01-15T10:30:03Z,2016-01-16T09:45:03Z
9,37796,2051,Chinook salmon,270,Fall,Natural,Parr,37,1,2016-01-16T09:45:03Z,2016-01-16T09:45:03Z,Continue trapping,Knights Landing RST,8.3,Pigment / dye,Brown,Whole body,NA,2016-01-15T10:30:03Z,2016-01-16T09:45:03Z
9,38657,2066,Chinook salmon,270,Fall,Natural,Parr,38,1,2016-01-19T14:15:03Z,2016-01-19T14:15:03Z,Continue trapping,Knights Landing RST,8.3,Pigment / dye,Brown,Whole body,NA,2016-01-19T09:30:03Z,2016-01-19T14:15:03Z
9,40538,2092,Chinook salmon,271,Fall,Natural,Parr,40,1,2016-01-27T11:15:03Z,2016-01-27T11:15:03Z,Unplanned restart,Knights Landing RST,8.3,Pigment / dye,Brown,Whole body,NA,2016-01-26T13:00:03Z,2016-01-27T11:15:03Z
9,40539,2092,Chinook salmon,271,Fall,Natural,Parr,40,1,2016-01-27T11:15:03Z,2016-01-27T11:15:03Z,Unplanned restart,Knights Landing RST,8.3,Pigment / dye,Brown,Whole body,NA,2016-01-26T13:00:03Z,2016-01-27T11:15:03Z
9,40621,2093,Chinook salmon,271,Fall,Natural,Parr,39,1,2016-01-27T11:30:03Z,2016-01-27T11:30:03Z,Continue trapping,Knights Landing RST,8.4,Pigment / dye,Brown,Whole body,NA,2016-01-26T13:15:03Z,2016-01-27T11:30:03Z
9,40622,2093,Chinook salmon,271,Fall,Natural,Parr,37,1,2016-01-27T11:30:03Z,2016-01-27T11:30:03Z,Continue trapping,Knights Landing RST,8.4,Pigment / dye,Brown,Whole body,NA,2016-01-26T13:15:03Z,2016-01-27T11:30:03Z
9,40623,2093,Chinook salmon,271,Fall,Natural,Parr,40,1,2016-01-27T11:30:03Z,2016-01-27T11:30:03Z,Continue trapping,Knights Landing RST,8.4,Pigment / dye,Brown,Whole body,NA,2016-01-26T13:15:03Z,2016-01-27T11:30:03Z
9,42664,2197,Chinook salmon,276,Fall,Natural,Silvery parr,56,1,2016-03-16T12:30:03Z,2016-03-16T12:30:03Z,Unplanned restart,Knights Landing RST,8.4,Elastomer,Purple / Violet,Nose,NA,2016-03-15T12:00:03Z,2016-03-16T12:30:03Z
9,43965,2238,Chinook salmon,279,Fall,Hatchery,Parr,52,1,2016-04-06T11:30:03Z,2016-04-06T11:30:03Z,Continue trapping,Knights Landing RST,8.3,Elastomer,Orange,Nose,NA,2016-04-05T12:30:03Z,2016-04-06T11:30:03Z
9,43966,2238,Chinook salmon,279,Fall,Hatchery,Parr,58,1,2016-04-06T11:30:03Z,2016-04-06T11:30:03Z,Continue trapping,Knights Landing RST,8.3,Elastomer,Orange,Nose,NA,2016-04-05T12:30:03Z,2016-04-06T11:30:03Z
9,44013,2240,Chinook salmon,279,Fall,Hatchery,Parr,53,1,2016-04-07T10:45:03Z,2016-04-07T10:45:03Z,Unplanned restart,Knights Landing RST,8.3,Elastomer,Orange,Nose,NA,2016-04-06T11:30:03Z,2016-04-07T10:45:03Z
9,44014,2240,Chinook salmon,279,Fall,Hatchery,Parr,60,1,2016-04-07T10:45:03Z,2016-04-07T10:45:03Z,Unplanned restart,Knights Landing RST,8.3,Elastomer,Orange,Nose,NA,2016-04-06T11:30:03Z,2016-04-07T10:45:03Z
9,44035,2241,Chinook salmon,279,Fall,Hatchery,Parr,54,1,2016-04-07T10:45:03Z,2016-04-07T10:45:03Z,Continue trapping,Knights Landing RST,8.4,Elastomer,Orange,Nose,NA,2016-04-06T11:30:03Z,2016-04-07T10:45:03Z
9,44114,2245,Chinook salmon,279,Fall,Hatchery,Parr,52,1,2016-04-09T10:30:03Z,2016-04-09T10:30:03Z,Continue trapping,Knights Landing RST,8.4,Elastomer,Orange,Nose,NA,2016-04-08T10:30:03Z,2016-04-09T10:30:03Z
9,44140,2246,Chinook salmon,279,Fall,Hatchery,Parr,60,1,2016-04-10T10:15:03Z,2016-04-10T10:15:03Z,Continue trapping,Knights Landing RST,8.3,Elastomer,Orange,Nose,NA,2016-04-09T10:30:03Z,2016-04-10T10:15:03Z
9,45003,2264,Chinook salmon,272,Fall,Natural,Smolt,73,1,2016-04-18T11:00:03Z,2016-04-18T11:00:03Z,Continue trapping,Knights Landing RST,8.4,Pigment / dye,Brown,Whole body,NA,2016-04-17T09:15:03Z,2016-04-18T11:00:03Z
9,47279,2403,Chinook salmon,286,Late fall,Hatchery,Silvery parr,100,1,2016-09-17T09:30:03Z,2016-09-17T09:30:03Z,Continue trapping,Knights Landing RST,8.3,Elastomer,Purple / Violet,Nose,NA,2016-09-16T11:15:03Z,2016-09-17T09:30:03Z
9,47279,2403,Chinook salmon,286,Late fall,Hatchery,Silvery parr,100,1,2016-09-17T09:30:03Z,2016-09-17T09:30:03Z,Continue trapping,Knights Landing RST,8.3,Fin clip,Not applicable (n/a),Adipose fin,NA,2016-09-16T11:15:03Z,2016-09-17T09:30:03Z
9,48422,2512,Chinook salmon,290,Fall,Hatchery,Smolt,163,1,2016-11-10T09:45:03Z,2016-11-10T09:45:03Z,Continue trapping,Knights Landing RST,8.4,Elastomer,Purple / Violet,Nose,NA,2016-11-09T09:30:03Z,2016-11-10T09:45:03Z
9,48422,2512,Chinook salmon,290,Fall,Hatchery,Smolt,163,1,2016-11-10T09:45:03Z,2016-11-10T09:45:03Z,Continue trapping,Knights Landing RST,8.4,Fin clip,Not applicable (n/a),Adipose fin,NA,2016-11-09T09:30:03Z,2016-11-10T09:45:03Z
9,49101,2555,Chinook salmon,291,Late fall,Hatchery,Not recorded,141,1,2016-12-01T10:00:03Z,2016-12-01T10:00:03Z,Continue trapping,Knights Landing RST,8.3,Elastomer,Blue,Nose,NA,2016-11-30T13:30:03Z,2016-12-01T10:00:03Z
9,49101,2555,Chinook salmon,291,Late fall,Hatchery,Not recorded,141,1,2016-12-01T10:00:03Z,2016-12-01T10:00:03Z,Continue trapping,Knights Landing RST,8.3,Fin clip,Not applicable (n/a),Adipose fin,NA,2016-11-30T13:30:03Z,2016-12-01T10:00:03Z
9,49124,2556,Chinook salmon,291,Late fall,Hatchery,Smolt,140,1,2016-12-01T10:00:03Z,2016-12-01T10:00:03Z,Continue trapping,Knights Landing RST,8.4,Elastomer,Blue,Nose,NA,2016-11-30T13:30:03Z,2016-12-01T10:00:03Z
9,49124,2556,Chinook salmon,291,Late fall,Hatchery,Smolt,140,1,2016-12-01T10:00:03Z,2016-12-01T10:00:03Z,Continue trapping,Knights Landing RST,8.4,Fin clip,Not applicable (n/a),Adipose fin,NA,2016-11-30T13:30:03Z,2016-12-01T10:00:03Z
9,52541,2669,Chinook salmon,283,Fall,Natural,Not recorded,42,1,2017-01-18T12:00:03Z,2017-01-18T12:00:03Z,Unplanned restart,Knights Landing RST,8.3,Pigment / dye,Brown,Whole body,NA,2017-01-17T09:30:03Z,2017-01-18T12:00:03Z
9,52800,2672,Chinook salmon,283,Fall,Natural,Parr,38,1,2017-01-19T11:00:03Z,2017-01-19T11:00:03Z,Continue trapping,Knights Landing RST,8.4,Pigment / dye,Brown,Whole body,NA,2017-01-18T12:00:03Z,2017-01-19T11:00:03Z
9,55577,2773,Chinook salmon,292,Fall,Natural,Silvery parr,54,1,2017-03-09T11:00:03Z,2017-03-09T11:00:03Z,Unplanned restart,Knights Landing RST,8.4,Elastomer,Pink,Nose,NA,2017-03-08T09:45:03Z,2017-03-09T11:00:03Z
9,55994,2804,Chinook salmon,294,Fall,Natural,Parr,50,1,2017-03-23T10:15:03Z,2017-03-23T10:15:03Z,Unplanned restart,Knights Landing RST,8.4,Elastomer,Orange,Nose,NA,2017-03-22T09:30:03Z,2017-03-23T10:15:03Z
9,56012,2806,Chinook salmon,294,Fall,Hatchery,Silvery parr,52,1,2017-03-24T12:00:03Z,2017-03-24T12:00:03Z,Continue trapping,Knights Landing RST,8.4,Elastomer,Orange,Nose,NA,2017-03-23T10:15:03Z,2017-03-24T12:00:03Z
9,62373,3100,Chinook salmon,576,Fall,Natural,Button-up fry,38,1,2011-01-05T10:30:00Z,2011-01-05T10:30:00Z,Unplanned restart,Knights Landing RST,8.3,Pigment / dye,Brown,Whole body,NA,2011-01-04T10:30:00Z,2011-01-05T10:30:00Z
9,62440,3102,Chinook salmon,576,Fall,Natural,Button-up fry,37,1,2011-01-06T10:00:00Z,2011-01-06T10:00:00Z,Continue trapping,Knights Landing RST,8.3,Pigment / dye,Brown,Whole body,NA,2011-01-05T10:30:00Z,2011-01-06T10:00:00Z
9,62470,3103,Chinook salmon,576,Fall,Natural,Button-up fry,40,1,2011-01-06T10:00:00Z,2011-01-06T10:00:00Z,Continue trapping,Knights Landing RST,8.4,Pigment / dye,Brown,Whole body,NA,2011-01-05T10:30:00Z,2011-01-06T10:00:00Z
9,65632,3215,Chinook salmon,578,Fall,Natural,Button-up fry,40,1,2011-03-24T10:00:00Z,2011-03-24T10:00:00Z,Continue trapping,Knights Landing RST,8.4,Pigment / dye,Brown,Whole body,NA,2011-03-23T10:00:00Z,2011-03-24T10:00:00Z
9,66232,3226,Chinook salmon,579,Fall,Natural,Button-up fry,37,1,2011-04-01T10:00:00Z,2011-04-01T10:00:00Z,Unplanned restart,Knights Landing RST,8.3,Pigment / dye,Brown,Whole body,NA,2011-03-30T10:30:00Z,2011-04-01T10:00:00Z
9,66233,3226,Chinook salmon,579,Fall,Natural,Parr,54,1,2011-04-01T10:00:00Z,2011-04-01T10:00:00Z,Unplanned restart,Knights Landing RST,8.3,Pigment / dye,Brown,Whole body,NA,2011-03-30T10:30:00Z,2011-04-01T10:00:00Z
9,66416,3227,Chinook salmon,579,Fall,Natural,Parr,60,1,2011-04-01T10:00:00Z,2011-04-01T10:00:00Z,Unplanned restart,Knights Landing RST,8.4,Pigment / dye,Brown,Whole body,NA,2011-03-30T10:30:00Z,2011-04-01T10:00:00Z
9,66417,3227,Chinook salmon,579,Fall,Natural,Parr,42,1,2011-04-01T10:00:00Z,2011-04-01T10:00:00Z,Unplanned restart,Knights Landing RST,8.4,Pigment / dye,Brown,Whole body,NA,2011-03-30T10:30:00Z,2011-04-01T10:00:00Z
9,67350,3265,Chinook salmon,580,Fall,Natural,Silvery parr,78,1,2011-04-25T10:00:00Z,2011-04-25T10:00:00Z,Continue trapping,Knights Landing RST,8.4,Pigment / dye,Brown,Whole body,NA,2011-04-23T09:30:00Z,2011-04-25T10:00:00Z
9,67351,3265,Chinook salmon,580,Fall,Natural,Silvery parr,64,1,2011-04-25T10:00:00Z,2011-04-25T10:00:00Z,Continue trapping,Knights Landing RST,8.4,Pigment / dye,Brown,Whole body,NA,2011-04-23T09:30:00Z,2011-04-25T10:00:00Z
9,69151,3358,Chinook salmon,575,Fall,Natural,Not recorded,44,1,2010-03-04T10:45:00Z,2010-03-04T10:45:00Z,Continue trapping,Knights Landing RST,8.3,Pigment / dye,Brown,Whole body,NA,2010-03-03T10:15:00Z,2010-03-04T10:45:00Z
9,69152,3358,Chinook salmon,575,Fall,Natural,Not recorded,50,1,2010-03-04T10:45:00Z,2010-03-04T10:45:00Z,Continue trapping,Knights Landing RST,8.3,Pigment / dye,Brown,Whole body,NA,2010-03-03T10:15:00Z,2010-03-04T10:45:00Z
9,69184,3359,Chinook salmon,575,Fall,Natural,Not recorded,47,1,2010-03-04T10:45:00Z,2010-03-04T10:45:00Z,Continue trapping,Knights Landing RST,8.4,Pigment / dye,Brown,Whole body,NA,2010-03-03T10:30:00Z,2010-03-04T10:45:00Z
9,70092,3408,Chinook salmon,574,Fall,Natural,Button-up fry,38,1,2010-02-11T11:30:00Z,2010-02-11T11:30:00Z,Continue trapping,Knights Landing RST,8.4,Pigment / dye,Brown,Whole body,NA,2010-02-10T10:45:00Z,2010-02-11T11:30:00Z
9,75032,3575,Chinook salmon,571,Fall,Natural,Not recorded,37,1,2010-01-21T14:15:00Z,2010-01-21T14:15:00Z,End trapping,Knights Landing RST,8.3,Pigment / dye,Brown,Whole body,NA,2010-01-20T11:45:00Z,2010-01-21T14:15:00Z
9,77032,3589,Chinook salmon,572,Fall,Natural,Parr,38,1,2010-01-27T15:00:00Z,2010-01-27T15:00:00Z,Unplanned restart,Knights Landing RST,8.3,Pigment / dye,Brown,Whole body,NA,2010-01-26T10:15:00Z,2010-01-27T15:00:00Z
9,77033,3589,Chinook salmon,572,Fall,Natural,Button-up fry,37,1,2010-01-27T15:00:00Z,2010-01-27T15:00:00Z,Unplanned restart,Knights Landing RST,8.3,Pigment / dye,Brown,Whole body,NA,2010-01-26T10:15:00Z,2010-01-27T15:00:00Z
9,77034,3589,Chinook salmon,572,Spring,Natural,Not recorded,50,1,2010-01-27T15:00:00Z,2010-01-27T15:00:00Z,Unplanned restart,Knights Landing RST,8.3,Pigment / dye,Brown,Whole body,NA,2010-01-26T10:15:00Z,2010-01-27T15:00:00Z
9,78465,3599,Chinook salmon,573,Fall,Natural,Parr,42,1,2010-02-01T11:00:00Z,2010-02-01T11:00:00Z,Unplanned restart,Knights Landing RST,8.3,Pigment / dye,Brown,Whole body,NA,2010-01-31T11:00:00Z,2010-02-01T11:00:00Z
9,78466,3599,Chinook salmon,573,Fall,Natural,Parr,47,1,2010-02-01T11:00:00Z,2010-02-01T11:00:00Z,Unplanned restart,Knights Landing RST,8.3,Pigment / dye,Brown,Whole body,NA,2010-01-31T11:00:00Z,2010-02-01T11:00:00Z
9,78467,3599,Chinook salmon,573,Spring,Natural,Button-up fry,52,1,2010-02-01T11:00:00Z,2010-02-01T11:00:00Z,Unplanned restart,Knights Landing RST,8.3,Pigment / dye,Brown,Whole body,NA,2010-01-31T11:00:00Z,2010-02-01T11:00:00Z
9,78468,3599,Chinook salmon,573,Fall,Natural,Button-up fry,47,1,2010-02-01T11:00:00Z,2010-02-01T11:00:00Z,Unplanned restart,Knights Landing RST,8.3,Pigment / dye,Brown,Whole body,NA,2010-01-31T11:00:00Z,2010-02-01T11:00:00Z
9,78469,3599,Chinook salmon,573,Fall,Natural,Button-up fry,39,1,2010-02-01T11:00:00Z,2010-02-01T11:00:00Z,Unplanned restart,Knights Landing RST,8.3,Pigment / dye,Brown,Whole body,NA,2010-01-31T11:00:00Z,2010-02-01T11:00:00Z
9,78470,3599,Chinook salmon,573,Spring,Natural,Button-up fry,50,1,2010-02-01T11:00:00Z,2010-02-01T11:00:00Z,Unplanned restart,Knights Landing RST,8.3,Pigment / dye,Brown,Whole body,NA,2010-01-31T11:00:00Z,2010-02-01T11:00:00Z
9,78527,3600,Chinook salmon,573,Spring,Natural,Not recorded,50,1,2010-02-01T10:30:00Z,2010-02-01T10:30:00Z,Unplanned restart,Knights Landing RST,8.4,Pigment / dye,Brown,Whole body,NA,2010-01-31T11:00:00Z,2010-02-01T10:30:00Z
9,78557,3601,Chinook salmon,573,Fall,Natural,Not recorded,42,1,2010-02-02T12:30:00Z,2010-02-02T12:30:00Z,Unplanned restart,Knights Landing RST,8.3,Pigment / dye,Brown,Whole body,NA,2010-02-01T11:00:00Z,2010-02-02T12:30:00Z
9,78558,3601,Chinook salmon,573,Fall,Natural,Not recorded,48,1,2010-02-02T12:30:00Z,2010-02-02T12:30:00Z,Unplanned restart,Knights Landing RST,8.3,Pigment / dye,Brown,Whole body,NA,2010-02-01T11:00:00Z,2010-02-02T12:30:00Z
9,81245,3724,Chinook salmon,566,Fall,Natural,Parr,44,1,2009-02-23T10:15:00Z,2009-02-23T10:15:00Z,Continue trapping,Knights Landing RST,8.3,Pigment / dye,Brown,Whole body,NA,2009-02-22T10:30:00Z,2009-02-23T10:15:00Z
9,81412,3725,Chinook salmon,566,Fall,Natural,Parr,45,1,2009-02-23T10:15:00Z,2009-02-23T10:15:00Z,Continue trapping,Knights Landing RST,8.4,Pigment / dye,Brown,Whole body,NA,2009-02-22T10:30:00Z,2009-02-23T10:15:00Z
9,81413,3725,Chinook salmon,566,Fall,Natural,Parr,46,1,2009-02-23T10:15:00Z,2009-02-23T10:15:00Z,Continue trapping,Knights Landing RST,8.4,Pigment / dye,Brown,Whole body,NA,2009-02-22T10:30:00Z,2009-02-23T10:15:00Z
9,81414,3725,Chinook salmon,566,Fall,Natural,Parr,37,1,2009-02-23T10:15:00Z,2009-02-23T10:15:00Z,Continue trapping,Knights Landing RST,8.4,Pigment / dye,Brown,Whole body,NA,2009-02-22T10:30:00Z,2009-02-23T10:15:00Z
9,81712,3727,Chinook salmon,566,Fall,Natural,Button-up fry,37,1,2009-02-24T14:30:00Z,2009-02-24T14:30:00Z,Unplanned restart,Knights Landing RST,8.4,Pigment / dye,Brown,Whole body,NA,2009-02-23T10:15:00Z,2009-02-24T14:30:00Z
9,81713,3727,Chinook salmon,566,Fall,Natural,Not recorded,39,1,2009-02-24T14:30:00Z,2009-02-24T14:30:00Z,Unplanned restart,Knights Landing RST,8.4,Pigment / dye,Brown,Whole body,NA,2009-02-23T10:15:00Z,2009-02-24T14:30:00Z
9,82051,3729,Chinook salmon,566,Fall,Natural,Button-up fry,38,1,2009-02-25T11:00:00Z,2009-02-25T11:00:00Z,Continue trapping,Knights Landing RST,8.4,Pigment / dye,Brown,Whole body,NA,2009-02-24T14:30:00Z,2009-02-25T11:00:00Z
9,82208,3730,Chinook salmon,566,Fall,Natural,Button-up fry,36,1,2009-02-26T11:00:00Z,2009-02-26T11:00:00Z,Continue trapping,Knights Landing RST,8.3,Pigment / dye,Brown,Whole body,NA,2009-02-25T11:30:00Z,2009-02-26T11:00:00Z
9,82539,3732,Chinook salmon,566,Fall,Natural,Parr,48,1,2009-02-27T11:15:00Z,2009-02-27T11:15:00Z,Unplanned restart,Knights Landing RST,8.3,Pigment / dye,Brown,Whole body,NA,2009-02-26T11:00:00Z,2009-02-27T11:15:00Z
9,82540,3732,Chinook salmon,566,Fall,Natural,Parr,39,1,2009-02-27T11:15:00Z,2009-02-27T11:15:00Z,Unplanned restart,Knights Landing RST,8.3,Pigment / dye,Brown,Whole body,NA,2009-02-26T11:00:00Z,2009-02-27T11:15:00Z
9,82541,3732,Chinook salmon,566,Fall,Natural,Parr,38,1,2009-02-27T11:15:00Z,2009-02-27T11:15:00Z,Unplanned restart,Knights Landing RST,8.3,Pigment / dye,Brown,Whole body,NA,2009-02-26T11:00:00Z,2009-02-27T11:15:00Z
9,82542,3732,Chinook salmon,566,Fall,Natural,Parr,39,1,2009-02-27T11:15:00Z,2009-02-27T11:15:00Z,Unplanned restart,Knights Landing RST,8.3,Pigment / dye,Brown,Whole body,NA,2009-02-26T11:00:00Z,2009-02-27T11:15:00Z
9,82756,3733,Chinook salmon,566,Fall,Natural,Not recorded,40,1,2009-02-27T11:15:00Z,2009-02-27T11:15:00Z,Continue trapping,Knights Landing RST,8.4,Pigment / dye,Brown,Whole body,NA,2009-02-26T11:15:00Z,2009-02-27T11:15:00Z
9,82757,3733,Chinook salmon,566,Fall,Natural,Not recorded,37,1,2009-02-27T11:15:00Z,2009-02-27T11:15:00Z,Continue trapping,Knights Landing RST,8.4,Pigment / dye,Brown,Whole body,NA,2009-02-26T11:15:00Z,2009-02-27T11:15:00Z
9,82758,3733,Chinook salmon,566,Fall,Natural,Not recorded,49,1,2009-02-27T11:15:00Z,2009-02-27T11:15:00Z,Continue trapping,Knights Landing RST,8.4,Pigment / dye,Brown,Whole body,NA,2009-02-26T11:15:00Z,2009-02-27T11:15:00Z
9,82759,3733,Chinook salmon,566,Fall,Natural,Not recorded,49,1,2009-02-27T11:15:00Z,2009-02-27T11:15:00Z,Continue trapping,Knights Landing RST,8.4,Pigment / dye,Brown,Whole body,NA,2009-02-26T11:15:00Z,2009-02-27T11:15:00Z
9,82760,3733,Chinook salmon,566,Fall,Natural,Parr,40,1,2009-02-27T11:15:00Z,2009-02-27T11:15:00Z,Continue trapping,Knights Landing RST,8.4,Pigment / dye,Brown,Whole body,NA,2009-02-26T11:15:00Z,2009-02-27T11:15:00Z
9,83541,3738,Chinook salmon,567,Fall,Natural,Parr,39,1,2009-03-02T10:45:00Z,2009-03-02T10:45:00Z,Continue trapping,Knights Landing RST,8.3,Pigment / dye,Brown,Whole body,NA,2009-03-01T10:30:00Z,2009-03-02T10:45:00Z
9,83682,3739,Chinook salmon,567,Fall,Natural,Parr,45,1,2009-03-02T10:45:00Z,2009-03-02T10:45:00Z,Continue trapping,Knights Landing RST,8.4,Pigment / dye,Brown,Whole body,NA,2009-03-01T10:30:00Z,2009-03-02T10:45:00Z
9,83683,3739,Chinook salmon,567,Fall,Natural,Parr,37,1,2009-03-02T10:45:00Z,2009-03-02T10:45:00Z,Continue trapping,Knights Landing RST,8.4,Pigment / dye,Brown,Whole body,NA,2009-03-01T10:30:00Z,2009-03-02T10:45:00Z
9,83776,3740,Chinook salmon,567,Fall,Natural,Button-up fry,50,1,2009-03-03T10:00:00Z,2009-03-03T10:00:00Z,Continue trapping,Knights Landing RST,8.3,Pigment / dye,Brown,Whole body,NA,2009-03-02T10:45:00Z,2009-03-03T10:00:00Z
9,83777,3740,Chinook salmon,567,Fall,Natural,Button-up fry,47,1,2009-03-03T10:00:00Z,2009-03-03T10:00:00Z,Continue trapping,Knights Landing RST,8.3,Pigment / dye,Brown,Whole body,NA,2009-03-02T10:45:00Z,2009-03-03T10:00:00Z
9,83778,3740,Chinook salmon,567,Fall,Natural,Button-up fry,37,1,2009-03-03T10:00:00Z,2009-03-03T10:00:00Z,Continue trapping,Knights Landing RST,8.3,Pigment / dye,Brown,Whole body,NA,2009-03-02T10:45:00Z,2009-03-03T10:00:00Z
9,83779,3740,Chinook salmon,567,Fall,Natural,Button-up fry,37,1,2009-03-03T10:00:00Z,2009-03-03T10:00:00Z,Continue trapping,Knights Landing RST,8.3,Pigment / dye,Brown,Whole body,NA,2009-03-02T10:45:00Z,2009-03-03T10:00:00Z
9,84081,3743,Chinook salmon,567,Fall,Natural,Parr,39,1,2009-03-04T12:00:00Z,2009-03-04T12:00:00Z,Unplanned restart,Knights Landing RST,8.4,Pigment / dye,Brown,Whole body,NA,2009-03-03T10:00:00Z,2009-03-04T12:00:00Z
9,84082,3743,Chinook salmon,567,Fall,Natural,Button-up fry,39,1,2009-03-04T12:00:00Z,2009-03-04T12:00:00Z,Unplanned restart,Knights Landing RST,8.4,Pigment / dye,Brown,Whole body,NA,2009-03-03T10:00:00Z,2009-03-04T12:00:00Z
9,84939,3751,Chinook salmon,570,Fall,Natural,Parr,41,1,2009-03-09T10:15:00Z,2009-03-09T10:15:00Z,Continue trapping,Knights Landing RST,8.4,Pigment / dye,Brown,Whole body,NA,2009-03-08T11:15:00Z,2009-03-09T10:15:00Z
9,84940,3751,Chinook salmon,570,Fall,Natural,Button-up fry,40,1,2009-03-09T10:15:00Z,2009-03-09T10:15:00Z,Continue trapping,Knights Landing RST,8.4,Pigment / dye,Brown,Whole body,NA,2009-03-08T11:15:00Z,2009-03-09T10:15:00Z
9,85976,3775,Chinook salmon,569,Fall,Natural,Silvery parr,58,1,2009-03-22T10:30:00Z,2009-03-22T10:30:00Z,Continue trapping,Knights Landing RST,8.3,Pigment / dye,Brown,Whole body,NA,2009-03-21T09:45:00Z,2009-03-22T10:30:00Z
9,85977,3775,Chinook salmon,569,Fall,Natural,Parr,48,1,2009-03-22T10:30:00Z,2009-03-22T10:30:00Z,Continue trapping,Knights Landing RST,8.3,Pigment / dye,Brown,Whole body,NA,2009-03-21T09:45:00Z,2009-03-22T10:30:00Z
9,86030,3776,Chinook salmon,569,Fall,Natural,Parr,43,1,2009-03-22T10:15:00Z,2009-03-22T10:15:00Z,Continue trapping,Knights Landing RST,8.4,Pigment / dye,Brown,Whole body,NA,2009-03-21T09:30:00Z,2009-03-22T10:15:00Z
9,86054,3777,Chinook salmon,569,Fall,Natural,Silvery parr,49,1,2009-03-23T12:30:00Z,2009-03-23T12:30:00Z,Continue trapping,Knights Landing RST,8.3,Pigment / dye,Brown,Whole body,NA,2009-03-22T10:30:00Z,2009-03-23T12:30:00Z
9,86068,3778,Chinook salmon,569,Fall,Natural,Parr,51,1,2009-03-23T12:30:00Z,2009-03-23T12:30:00Z,Continue trapping,Knights Landing RST,8.4,Pigment / dye,Brown,Whole body,NA,2009-03-22T10:15:00Z,2009-03-23T12:30:00Z
9,86069,3778,Chinook salmon,569,Fall,Natural,Parr,48,1,2009-03-23T12:30:00Z,2009-03-23T12:30:00Z,Continue trapping,Knights Landing RST,8.4,Pigment / dye,Brown,Whole body,NA,2009-03-22T10:15:00Z,2009-03-23T12:30:00Z
9,86070,3778,Chinook salmon,569,Fall,Natural,Parr,65,1,2009-03-23T12:30:00Z,2009-03-23T12:30:00Z,Continue trapping,Knights Landing RST,8.4,Pigment / dye,Brown,Whole body,NA,2009-03-22T10:15:00Z,2009-03-23T12:30:00Z
9,86093,3780,Chinook salmon,569,Fall,Natural,Parr,54,1,2009-03-24T10:30:00Z,2009-03-24T10:30:00Z,Continue trapping,Knights Landing RST,8.4,Pigment / dye,Brown,Whole body,NA,2009-03-23T12:30:00Z,2009-03-24T10:30:00Z
9,91152,3986,Chinook salmon,558,Winter,Natural,Not recorded,72,1,2008-01-14T10:00:00Z,2008-01-14T10:00:00Z,Unplanned restart,Knights Landing RST,8.4,Pigment / dye,Brown,Whole body,NA,2008-01-13T12:30:00Z,2008-01-14T10:00:00Z
9,91292,3987,Chinook salmon,558,Fall,Natural,Parr,42,1,2008-01-15T11:00:00Z,2008-01-15T11:00:00Z,Continue trapping,Knights Landing RST,8.3,Pigment / dye,Brown,Whole body,NA,2008-01-14T10:00:00Z,2008-01-15T11:00:00Z
9,91293,3987,Chinook salmon,558,Fall,Natural,Parr,41,1,2008-01-15T11:00:00Z,2008-01-15T11:00:00Z,Continue trapping,Knights Landing RST,8.3,Pigment / dye,Brown,Whole body,NA,2008-01-14T10:00:00Z,2008-01-15T11:00:00Z
9,91294,3987,Chinook salmon,558,Fall,Natural,Parr,38,1,2008-01-15T11:00:00Z,2008-01-15T11:00:00Z,Continue trapping,Knights Landing RST,8.3,Pigment / dye,Brown,Whole body,NA,2008-01-14T10:00:00Z,2008-01-15T11:00:00Z
9,91430,3988,Chinook salmon,558,Fall,Natural,Parr,39,1,2008-01-15T11:00:00Z,2008-01-15T11:00:00Z,Continue trapping,Knights Landing RST,8.4,Pigment / dye,Brown,Whole body,NA,2008-01-14T10:00:00Z,2008-01-15T11:00:00Z
9,91431,3988,Chinook salmon,558,Fall,Natural,Parr,39,1,2008-01-15T11:00:00Z,2008-01-15T11:00:00Z,Continue trapping,Knights Landing RST,8.4,Pigment / dye,Brown,Whole body,NA,2008-01-14T10:00:00Z,2008-01-15T11:00:00Z
9,91432,3988,Chinook salmon,558,Fall,Natural,Parr,41,1,2008-01-15T11:00:00Z,2008-01-15T11:00:00Z,Continue trapping,Knights Landing RST,8.4,Pigment / dye,Brown,Whole body,NA,2008-01-14T10:00:00Z,2008-01-15T11:00:00Z
9,91433,3988,Chinook salmon,558,Fall,Natural,Parr,44,1,2008-01-15T11:00:00Z,2008-01-15T11:00:00Z,Continue trapping,Knights Landing RST,8.4,Pigment / dye,Brown,Whole body,NA,2008-01-14T10:00:00Z,2008-01-15T11:00:00Z
9,91874,3992,Chinook salmon,558,Fall,Natural,Parr,39,1,2008-01-17T10:15:00Z,2008-01-17T10:15:00Z,Continue trapping,Knights Landing RST,8.4,Pigment / dye,Brown,Whole body,NA,2008-01-16T11:00:00Z,2008-01-17T10:15:00Z
9,93490,4017,Chinook salmon,559,Fall,Natural,Parr,37,1,2008-01-31T10:30:00Z,2008-01-31T10:30:00Z,Continue trapping,Knights Landing RST,8.3,Pigment / dye,Brown,Whole body,NA,2008-01-30T11:30:00Z,2008-01-31T10:30:00Z
9,93491,4017,Chinook salmon,559,Fall,Natural,Parr,40,1,2008-01-31T10:30:00Z,2008-01-31T10:30:00Z,Continue trapping,Knights Landing RST,8.3,Pigment / dye,Brown,Whole body,NA,2008-01-30T11:30:00Z,2008-01-31T10:30:00Z
9,93492,4017,Chinook salmon,559,Fall,Natural,Parr,41,1,2008-01-31T10:30:00Z,2008-01-31T10:30:00Z,Continue trapping,Knights Landing RST,8.3,Pigment / dye,Brown,Whole body,NA,2008-01-30T11:30:00Z,2008-01-31T10:30:00Z
9,93493,4017,Chinook salmon,559,Fall,Natural,Parr,42,1,2008-01-31T10:30:00Z,2008-01-31T10:30:00Z,Continue trapping,Knights Landing RST,8.3,Pigment / dye,Brown,Whole body,NA,2008-01-30T11:30:00Z,2008-01-31T10:30:00Z
9,93494,4017,Chinook salmon,559,Spring,Natural,Parr,52,1,2008-01-31T10:30:00Z,2008-01-31T10:30:00Z,Continue trapping,Knights Landing RST,8.3,Pigment / dye,Brown,Whole body,NA,2008-01-30T11:30:00Z,2008-01-31T10:30:00Z
9,93495,4017,Chinook salmon,559,Fall,Natural,Parr,44,1,2008-01-31T10:30:00Z,2008-01-31T10:30:00Z,Continue trapping,Knights Landing RST,8.3,Pigment / dye,Brown,Whole body,NA,2008-01-30T11:30:00Z,2008-01-31T10:30:00Z
9,93656,4018,Chinook salmon,559,Fall,Natural,Parr,43,1,2008-01-31T10:30:00Z,2008-01-31T10:30:00Z,Continue trapping,Knights Landing RST,8.4,Pigment / dye,Brown,Whole body,NA,2008-01-30T11:45:00Z,2008-01-31T10:30:00Z
9,93657,4018,Chinook salmon,559,Fall,Natural,Parr,39,1,2008-01-31T10:30:00Z,2008-01-31T10:30:00Z,Continue trapping,Knights Landing RST,8.4,Pigment / dye,Brown,Whole body,NA,2008-01-30T11:45:00Z,2008-01-31T10:30:00Z
9,93658,4018,Chinook salmon,559,Fall,Natural,Parr,39,1,2008-01-31T10:30:00Z,2008-01-31T10:30:00Z,Continue trapping,Knights Landing RST,8.4,Pigment / dye,Brown,Whole body,NA,2008-01-30T11:45:00Z,2008-01-31T10:30:00Z
9,94460,4023,Chinook salmon,560,Fall,Natural,Parr,39,1,2008-02-03T10:15:00Z,2008-02-03T10:15:00Z,Continue trapping,Knights Landing RST,8.3,Pigment / dye,Brown,Whole body,NA,2008-02-02T10:15:00Z,2008-02-03T10:15:00Z
9,94623,4024,Chinook salmon,560,Fall,Natural,Parr,36,1,2008-02-03T10:15:00Z,2008-02-03T10:15:00Z,Continue trapping,Knights Landing RST,8.4,Pigment / dye,Brown,Whole body,NA,2008-02-02T10:15:00Z,2008-02-03T10:15:00Z
9,94624,4024,Chinook salmon,560,Fall,Natural,Parr,39,1,2008-02-03T10:15:00Z,2008-02-03T10:15:00Z,Continue trapping,Knights Landing RST,8.4,Pigment / dye,Brown,Whole body,NA,2008-02-02T10:15:00Z,2008-02-03T10:15:00Z
9,94625,4024,Chinook salmon,560,Fall,Natural,Parr,39,1,2008-02-03T10:15:00Z,2008-02-03T10:15:00Z,Continue trapping,Knights Landing RST,8.4,Pigment / dye,Brown,Whole body,NA,2008-02-02T10:15:00Z,2008-02-03T10:15:00Z
9,94794,4025,Chinook salmon,560,Winter,Natural,Parr,88,1,2008-02-04T12:15:00Z,2008-02-04T12:15:00Z,Unplanned restart,Knights Landing RST,8.3,Pigment / dye,Brown,Whole body,NA,2008-02-03T10:15:00Z,2008-02-04T12:15:00Z
9,94795,4025,Chinook salmon,560,Fall,Natural,Not recorded,38,1,2008-02-04T12:15:00Z,2008-02-04T12:15:00Z,Unplanned restart,Knights Landing RST,8.3,Pigment / dye,Brown,Whole body,NA,2008-02-03T10:15:00Z,2008-02-04T12:15:00Z
9,94796,4025,Chinook salmon,560,Fall,Natural,Not recorded,39,1,2008-02-04T12:15:00Z,2008-02-04T12:15:00Z,Unplanned restart,Knights Landing RST,8.3,Pigment / dye,Brown,Whole body,NA,2008-02-03T10:15:00Z,2008-02-04T12:15:00Z
9,94797,4025,Chinook salmon,560,Fall,Natural,Not recorded,37,1,2008-02-04T12:15:00Z,2008-02-04T12:15:00Z,Unplanned restart,Knights Landing RST,8.3,Pigment / dye,Brown,Whole body,NA,2008-02-03T10:15:00Z,2008-02-04T12:15:00Z
9,95132,4027,Chinook salmon,560,Fall,Natural,Parr,40,1,2008-02-05T12:00:00Z,2008-02-05T12:00:00Z,Unplanned restart,Knights Landing RST,8.3,Pigment / dye,Brown,Whole body,NA,2008-02-04T12:15:00Z,2008-02-05T12:00:00Z
9,95133,4027,Chinook salmon,560,Fall,Natural,Parr,43,1,2008-02-05T12:00:00Z,2008-02-05T12:00:00Z,Unplanned restart,Knights Landing RST,8.3,Pigment / dye,Brown,Whole body,NA,2008-02-04T12:15:00Z,2008-02-05T12:00:00Z
9,95309,4028,Chinook salmon,560,Fall,Natural,Parr,49,1,2008-02-05T12:30:00Z,2008-02-05T12:30:00Z,Unplanned restart,Knights Landing RST,8.4,Pigment / dye,Brown,Whole body,NA,2008-02-04T12:15:00Z,2008-02-05T12:30:00Z
9,95310,4028,Chinook salmon,560,Fall,Natural,Parr,37,1,2008-02-05T12:30:00Z,2008-02-05T12:30:00Z,Unplanned restart,Knights Landing RST,8.4,Pigment / dye,Brown,Whole body,NA,2008-02-04T12:15:00Z,2008-02-05T12:30:00Z
9,95473,4029,Chinook salmon,560,Fall,Natural,Parr,40,1,2008-02-06T10:45:00Z,2008-02-06T10:45:00Z,Continue trapping,Knights Landing RST,8.3,Pigment / dye,Brown,Whole body,NA,2008-02-05T12:00:00Z,2008-02-06T10:45:00Z
9,95474,4029,Chinook salmon,560,Fall,Natural,Parr,43,1,2008-02-06T10:45:00Z,2008-02-06T10:45:00Z,Continue trapping,Knights Landing RST,8.3,Pigment / dye,Brown,Whole body,NA,2008-02-05T12:00:00Z,2008-02-06T10:45:00Z
9,95641,4030,Chinook salmon,560,Fall,Natural,Parr,39,1,2008-02-06T10:45:00Z,2008-02-06T10:45:00Z,Continue trapping,Knights Landing RST,8.4,Pigment / dye,Brown,Whole body,NA,2008-02-05T12:30:00Z,2008-02-06T10:45:00Z
9,95642,4030,Chinook salmon,560,Fall,Natural,Parr,37,1,2008-02-06T10:45:00Z,2008-02-06T10:45:00Z,Continue trapping,Knights Landing RST,8.4,Pigment / dye,Brown,Whole body,NA,2008-02-05T12:30:00Z,2008-02-06T10:45:00Z
9,95643,4030,Chinook salmon,560,Fall,Natural,Parr,38,1,2008-02-06T10:45:00Z,2008-02-06T10:45:00Z,Continue trapping,Knights Landing RST,8.4,Pigment / dye,Brown,Whole body,NA,2008-02-05T12:30:00Z,2008-02-06T10:45:00Z
9,95644,4030,Chinook salmon,560,Fall,Natural,Parr,38,1,2008-02-06T10:45:00Z,2008-02-06T10:45:00Z,Continue trapping,Knights Landing RST,8.4,Pigment / dye,Brown,Whole body,NA,2008-02-05T12:30:00Z,2008-02-06T10:45:00Z
9,95645,4030,Chinook salmon,560,Fall,Natural,Parr,37,1,2008-02-06T10:45:00Z,2008-02-06T10:45:00Z,Continue trapping,Knights Landing RST,8.4,Pigment / dye,Brown,Whole body,NA,2008-02-05T12:30:00Z,2008-02-06T10:45:00Z
9,95807,4031,Chinook salmon,560,Fall,Natural,Parr,38,1,2008-02-07T10:15:00Z,2008-02-07T10:15:00Z,Continue trapping,Knights Landing RST,8.3,Pigment / dye,Brown,Whole body,NA,2008-02-06T10:45:00Z,2008-02-07T10:15:00Z
9,95808,4031,Chinook salmon,560,Fall,Natural,Parr,41,1,2008-02-07T10:15:00Z,2008-02-07T10:15:00Z,Continue trapping,Knights Landing RST,8.3,Pigment / dye,Brown,Whole body,NA,2008-02-06T10:45:00Z,2008-02-07T10:15:00Z
9,95809,4031,Chinook salmon,560,Fall,Natural,Parr,38,1,2008-02-07T10:15:00Z,2008-02-07T10:15:00Z,Continue trapping,Knights Landing RST,8.3,Pigment / dye,Brown,Whole body,NA,2008-02-06T10:45:00Z,2008-02-07T10:15:00Z
9,95983,4032,Chinook salmon,560,Fall,Natural,Not recorded,41,1,2008-02-07T10:15:00Z,2008-02-07T10:15:00Z,Continue trapping,Knights Landing RST,8.4,Pigment / dye,Brown,Whole body,NA,2008-02-06T10:45:00Z,2008-02-07T10:15:00Z
9,95984,4032,Chinook salmon,560,Fall,Natural,Parr,40,1,2008-02-07T10:15:00Z,2008-02-07T10:15:00Z,Continue trapping,Knights Landing RST,8.4,Pigment / dye,Brown,Whole body,NA,2008-02-06T10:45:00Z,2008-02-07T10:15:00Z
9,95985,4032,Chinook salmon,560,Fall,Natural,Not recorded,40,1,2008-02-07T10:15:00Z,2008-02-07T10:15:00Z,Continue trapping,Knights Landing RST,8.4,Pigment / dye,Brown,Whole body,NA,2008-02-06T10:45:00Z,2008-02-07T10:15:00Z
9,95986,4032,Chinook salmon,560,Fall,Natural,Parr,43,1,2008-02-07T10:15:00Z,2008-02-07T10:15:00Z,Continue trapping,Knights Landing RST,8.4,Pigment / dye,Brown,Whole body,NA,2008-02-06T10:45:00Z,2008-02-07T10:15:00Z
9,95987,4032,Chinook salmon,560,Fall,Natural,Parr,38,1,2008-02-07T10:15:00Z,2008-02-07T10:15:00Z,Continue trapping,Knights Landing RST,8.4,Pigment / dye,Brown,Whole body,NA,2008-02-06T10:45:00Z,2008-02-07T10:15:00Z
9,96839,4041,Chinook salmon,561,Fall,Natural,Parr,44,1,2008-02-13T10:45:00Z,2008-02-13T10:45:00Z,Continue trapping,Knights Landing RST,8.3,Pigment / dye,Brown,Whole body,NA,2008-02-11T10:15:00Z,2008-02-13T10:45:00Z
9,96969,4042,Chinook salmon,561,Fall,Natural,Parr,39,1,2008-02-13T10:45:00Z,2008-02-13T10:45:00Z,Continue trapping,Knights Landing RST,8.4,Pigment / dye,Brown,Whole body,NA,2008-02-11T10:15:00Z,2008-02-13T10:45:00Z
9,97347,4050,Chinook salmon,562,Fall,Natural,Parr,51,1,2008-02-17T09:45:00Z,2008-02-17T09:45:00Z,Continue trapping,Knights Landing RST,8.4,Pigment / dye,Brown,Whole body,NA,2008-02-16T10:15:00Z,2008-02-17T09:45:00Z
9,97348,4050,Chinook salmon,562,Fall,Natural,Parr,47,1,2008-02-17T09:45:00Z,2008-02-17T09:45:00Z,Continue trapping,Knights Landing RST,8.4,Pigment / dye,Brown,Whole body,NA,2008-02-16T10:15:00Z,2008-02-17T09:45:00Z
9,97430,4052,Chinook salmon,562,Fall,Natural,Parr,36,1,2008-02-19T10:15:00Z,2008-02-19T10:15:00Z,Continue trapping,Knights Landing RST,8.4,Pigment / dye,Brown,Whole body,NA,2008-02-17T09:45:00Z,2008-02-19T10:15:00Z
9,97571,4061,Chinook salmon,562,Fall,Natural,Parr,39,1,2008-02-24T10:15:00Z,2008-02-24T10:15:00Z,Continue trapping,Knights Landing RST,8.3,Pigment / dye,Brown,Whole body,NA,2008-02-23T09:45:00Z,2008-02-24T10:15:00Z
9,98255,4066,Chinook salmon,562,Fall,Natural,Parr,44,1,2008-02-26T11:30:00Z,2008-02-26T11:30:00Z,Unplanned restart,Knights Landing RST,8.4,Pigment / dye,Brown,Whole body,NA,2008-02-25T13:30:00Z,2008-02-26T11:30:00Z
9,98736,4069,Chinook salmon,563,Fall,Natural,Parr,39,1,2008-02-28T10:15:00Z,2008-02-28T10:15:00Z,Continue trapping,Knights Landing RST,8.3,Pigment / dye,Brown,Whole body,NA,2008-02-27T11:00:00Z,2008-02-28T10:15:00Z
9,98737,4069,Chinook salmon,563,Fall,Natural,Parr,38,1,2008-02-28T10:15:00Z,2008-02-28T10:15:00Z,Continue trapping,Knights Landing RST,8.3,Pigment / dye,Brown,Whole body,NA,2008-02-27T11:00:00Z,2008-02-28T10:15:00Z
9,98900,4070,Chinook salmon,563,Fall,Natural,Parr,37,1,2008-02-28T10:15:00Z,2008-02-28T10:15:00Z,Continue trapping,Knights Landing RST,8.4,Pigment / dye,Brown,Whole body,NA,2008-02-27T11:00:00Z,2008-02-28T10:15:00Z
9,98901,4070,Chinook salmon,563,Fall,Natural,Parr,40,1,2008-02-28T10:15:00Z,2008-02-28T10:15:00Z,Continue trapping,Knights Landing RST,8.4,Pigment / dye,Brown,Whole body,NA,2008-02-27T11:00:00Z,2008-02-28T10:15:00Z
9,99818,4079,Chinook salmon,564,Fall,Natural,Parr,40,1,2008-03-02T10:00:00Z,2008-03-02T10:00:00Z,Continue trapping,Knights Landing RST,8.3,Pigment / dye,Brown,Whole body,NA,2008-03-01T10:00:00Z,2008-03-02T10:00:00Z
9,99819,4079,Chinook salmon,564,Fall,Natural,Parr,39,1,2008-03-02T10:00:00Z,2008-03-02T10:00:00Z,Continue trapping,Knights Landing RST,8.3,Pigment / dye,Brown,Whole body,NA,2008-03-01T10:00:00Z,2008-03-02T10:00:00Z
9,99820,4079,Chinook salmon,564,Fall,Natural,Parr,35,1,2008-03-02T10:00:00Z,2008-03-02T10:00:00Z,Continue trapping,Knights Landing RST,8.3,Pigment / dye,Brown,Whole body,NA,2008-03-01T10:00:00Z,2008-03-02T10:00:00Z
9,99821,4079,Chinook salmon,564,Fall,Natural,Parr,54,1,2008-03-02T10:00:00Z,2008-03-02T10:00:00Z,Continue trapping,Knights Landing RST,8.3,Pigment / dye,Brown,Whole body,NA,2008-03-01T10:00:00Z,2008-03-02T10:00:00Z
9,99983,4080,Chinook salmon,564,Fall,Natural,Parr,36,1,2008-03-02T10:00:00Z,2008-03-02T10:00:00Z,Continue trapping,Knights Landing RST,8.4,Pigment / dye,Brown,Whole body,NA,2008-03-01T10:00:00Z,2008-03-02T10:00:00Z
9,100057,4081,Chinook salmon,564,Fall,Natural,Parr,39,1,2008-03-03T10:00:00Z,2008-03-03T10:00:00Z,Continue trapping,Knights Landing RST,8.3,Pigment / dye,Brown,Whole body,NA,2008-03-02T10:00:00Z,2008-03-03T10:00:00Z
9,100058,4081,Chinook salmon,564,Fall,Natural,Parr,39,1,2008-03-03T10:00:00Z,2008-03-03T10:00:00Z,Continue trapping,Knights Landing RST,8.3,Pigment / dye,Brown,Whole body,NA,2008-03-02T10:00:00Z,2008-03-03T10:00:00Z
9,100059,4081,Chinook salmon,564,Fall,Natural,Parr,40,1,2008-03-03T10:00:00Z,2008-03-03T10:00:00Z,Continue trapping,Knights Landing RST,8.3,Pigment / dye,Brown,Whole body,NA,2008-03-02T10:00:00Z,2008-03-03T10:00:00Z
9,100060,4081,Chinook salmon,564,Fall,Natural,Parr,37,1,2008-03-03T10:00:00Z,2008-03-03T10:00:00Z,Continue trapping,Knights Landing RST,8.3,Pigment / dye,Brown,Whole body,NA,2008-03-02T10:00:00Z,2008-03-03T10:00:00Z
9,100061,4081,Chinook salmon,564,Fall,Natural,Parr,38,1,2008-03-03T10:00:00Z,2008-03-03T10:00:00Z,Continue trapping,Knights Landing RST,8.3,Pigment / dye,Brown,Whole body,NA,2008-03-02T10:00:00Z,2008-03-03T10:00:00Z
9,100062,4081,Chinook salmon,564,Fall,Natural,Parr,47,1,2008-03-03T10:00:00Z,2008-03-03T10:00:00Z,Continue trapping,Knights Landing RST,8.3,Pigment / dye,Brown,Whole body,NA,2008-03-02T10:00:00Z,2008-03-03T10:00:00Z
9,100063,4081,Chinook salmon,564,Fall,Natural,Parr,38,1,2008-03-03T10:00:00Z,2008-03-03T10:00:00Z,Continue trapping,Knights Landing RST,8.3,Pigment / dye,Brown,Whole body,NA,2008-03-02T10:00:00Z,2008-03-03T10:00:00Z
9,100148,4082,Chinook salmon,564,Fall,Natural,Parr,38,1,2008-03-03T10:00:00Z,2008-03-03T10:00:00Z,Continue trapping,Knights Landing RST,8.4,Pigment / dye,Brown,Whole body,NA,2008-03-02T10:00:00Z,2008-03-03T10:00:00Z
9,100149,4082,Chinook salmon,564,Fall,Natural,Parr,47,1,2008-03-03T10:00:00Z,2008-03-03T10:00:00Z,Continue trapping,Knights Landing RST,8.4,Pigment / dye,Brown,Whole body,NA,2008-03-02T10:00:00Z,2008-03-03T10:00:00Z
9,100150,4082,Chinook salmon,564,Fall,Natural,Parr,42,1,2008-03-03T10:00:00Z,2008-03-03T10:00:00Z,Continue trapping,Knights Landing RST,8.4,Pigment / dye,Brown,Whole body,NA,2008-03-02T10:00:00Z,2008-03-03T10:00:00Z
9,100176,4083,Chinook salmon,564,Fall,Hatchery,Parr,39,1,2008-03-04T10:15:00Z,2008-03-04T10:15:00Z,Continue trapping,Knights Landing RST,8.3,Pigment / dye,Brown,Whole body,NA,2008-03-03T10:00:00Z,2008-03-04T10:15:00Z
9,100219,4084,Chinook salmon,564,Fall,Natural,Parr,41,1,2008-03-04T10:00:00Z,2008-03-04T10:00:00Z,Continue trapping,Knights Landing RST,8.4,Pigment / dye,Brown,Whole body,NA,2008-03-03T10:00:00Z,2008-03-04T10:00:00Z
9,100267,4085,Chinook salmon,564,Fall,Natural,Parr,39,1,2008-03-05T10:15:00Z,2008-03-05T10:15:00Z,Continue trapping,Knights Landing RST,8.4,Pigment / dye,Brown,Whole body,NA,2008-03-04T10:00:00Z,2008-03-05T10:15:00Z
9,100268,4085,Chinook salmon,564,Fall,Natural,Parr,40,1,2008-03-05T10:15:00Z,2008-03-05T10:15:00Z,Continue trapping,Knights Landing RST,8.4,Pigment / dye,Brown,Whole body,NA,2008-03-04T10:00:00Z,2008-03-05T10:15:00Z
9,100318,4086,Chinook salmon,564,Fall,Natural,Parr,37,1,2008-03-05T10:15:00Z,2008-03-05T10:15:00Z,Continue trapping,Knights Landing RST,8.3,Pigment / dye,Brown,Whole body,NA,2008-03-04T10:15:00Z,2008-03-05T10:15:00Z
9,104038,4307,Chinook salmon,551,Fall,Natural,Parr,35,1,2007-01-02T09:15:00Z,2007-01-02T09:15:00Z,Unplanned restart,Knights Landing RST,8.4,Pigment / dye,Brown,Whole body,NA,2007-01-01T09:45:00Z,2007-01-02T09:15:00Z
9,105683,4385,Chinook salmon,556,Fall,Natural,Parr,35,1,2007-02-15T11:00:00Z,2007-02-15T11:00:00Z,Continue trapping,Knights Landing RST,8.3,Pigment / dye,Brown,Whole body,NA,2007-02-14T11:30:00Z,2007-02-15T11:00:00Z
9,105684,4385,Chinook salmon,556,Fall,Natural,Parr,39,1,2007-02-15T11:00:00Z,2007-02-15T11:00:00Z,Continue trapping,Knights Landing RST,8.3,Pigment / dye,Brown,Whole body,NA,2007-02-14T11:30:00Z,2007-02-15T11:00:00Z
9,105685,4385,Chinook salmon,556,Fall,Natural,Parr,37,1,2007-02-15T11:00:00Z,2007-02-15T11:00:00Z,Continue trapping,Knights Landing RST,8.3,Pigment / dye,Brown,Whole body,NA,2007-02-14T11:30:00Z,2007-02-15T11:00:00Z
9,105686,4385,Chinook salmon,556,Fall,Natural,Parr,38,1,2007-02-15T11:00:00Z,2007-02-15T11:00:00Z,Continue trapping,Knights Landing RST,8.3,Pigment / dye,Brown,Whole body,NA,2007-02-14T11:30:00Z,2007-02-15T11:00:00Z
9,105855,4386,Chinook salmon,556,Fall,Natural,Parr,40,1,2007-02-15T11:00:00Z,2007-02-15T11:00:00Z,Continue trapping,Knights Landing RST,8.4,Pigment / dye,Brown,Whole body,NA,2007-02-14T11:15:00Z,2007-02-15T11:00:00Z
9,105856,4386,Chinook salmon,556,Fall,Natural,Parr,36,1,2007-02-15T11:00:00Z,2007-02-15T11:00:00Z,Continue trapping,Knights Landing RST,8.4,Pigment / dye,Brown,Whole body,NA,2007-02-14T11:15:00Z,2007-02-15T11:00:00Z
9,105857,4386,Chinook salmon,556,Fall,Natural,Parr,37,1,2007-02-15T11:00:00Z,2007-02-15T11:00:00Z,Continue trapping,Knights Landing RST,8.4,Pigment / dye,Brown,Whole body,NA,2007-02-14T11:15:00Z,2007-02-15T11:00:00Z
9,105858,4386,Chinook salmon,556,Fall,Natural,Parr,38,1,2007-02-15T11:00:00Z,2007-02-15T11:00:00Z,Continue trapping,Knights Landing RST,8.4,Pigment / dye,Brown,Whole body,NA,2007-02-14T11:15:00Z,2007-02-15T11:00:00Z
9,105859,4386,Chinook salmon,556,Fall,Natural,Parr,40,1,2007-02-15T11:00:00Z,2007-02-15T11:00:00Z,Continue trapping,Knights Landing RST,8.4,Pigment / dye,Brown,Whole body,NA,2007-02-14T11:15:00Z,2007-02-15T11:00:00Z
9,105860,4386,Chinook salmon,556,Fall,Natural,Parr,38,1,2007-02-15T11:00:00Z,2007-02-15T11:00:00Z,Continue trapping,Knights Landing RST,8.4,Pigment / dye,Brown,Whole body,NA,2007-02-14T11:15:00Z,2007-02-15T11:00:00Z
9,105861,4386,Chinook salmon,556,Fall,Natural,Parr,41,1,2007-02-15T11:00:00Z,2007-02-15T11:00:00Z,Continue trapping,Knights Landing RST,8.4,Pigment / dye,Brown,Whole body,NA,2007-02-14T11:15:00Z,2007-02-15T11:00:00Z
9,105862,4386,Chinook salmon,556,Fall,Natural,Parr,41,1,2007-02-15T11:00:00Z,2007-02-15T11:00:00Z,Continue trapping,Knights Landing RST,8.4,Pigment / dye,Brown,Whole body,NA,2007-02-14T11:15:00Z,2007-02-15T11:00:00Z
9,107596,4398,Chinook salmon,552,Fall,Natural,Button-up fry,37,1,2007-02-21T09:15:00Z,2007-02-21T09:15:00Z,Continue trapping,Knights Landing RST,8.4,Pigment / dye,Brown,Whole body,NA,2007-02-20T10:15:00Z,2007-02-21T09:15:00Z
9,107681,4399,Chinook salmon,552,Fall,Natural,Parr,39,1,2007-02-22T09:15:00Z,2007-02-22T09:15:00Z,Continue trapping,Knights Landing RST,8.3,Pigment / dye,Brown,Whole body,NA,2007-02-21T09:15:00Z,2007-02-22T09:15:00Z
9,108717,4410,Chinook salmon,553,Fall,Natural,Parr,45,1,2007-02-27T09:45:00Z,2007-02-27T09:45:00Z,Unplanned restart,Knights Landing RST,8.4,Pigment / dye,Brown,Whole body,NA,2007-02-26T09:45:00Z,2007-02-27T09:45:00Z
9,109642,4423,Chinook salmon,554,Fall,Natural,Parr,39,1,2007-03-06T09:15:00Z,2007-03-06T09:15:00Z,Continue trapping,Knights Landing RST,8.3,Pigment / dye,Brown,Whole body,NA,2007-03-05T09:15:00Z,2007-03-06T09:15:00Z
9,109682,4424,Chinook salmon,554,Fall,Natural,Parr,40,1,2007-03-06T09:15:00Z,2007-03-06T09:15:00Z,Continue trapping,Knights Landing RST,8.4,Pigment / dye,Brown,Whole body,NA,2007-03-05T09:15:00Z,2007-03-06T09:15:00Z
9,109683,4424,Chinook salmon,554,Fall,Natural,Parr,44,1,2007-03-06T09:15:00Z,2007-03-06T09:15:00Z,Continue trapping,Knights Landing RST,8.4,Pigment / dye,Brown,Whole body,NA,2007-03-05T09:15:00Z,2007-03-06T09:15:00Z
9,113114,4385,Chinook salmon,556,NA,Natural,Not recorded,NA,1,2007-02-15T11:00:00Z,2007-02-15T11:00:00Z,Continue trapping,Knights Landing RST,8.3,Pigment / dye,Brown,Whole body,NA,2007-02-14T11:30:00Z,2007-02-15T11:00:00Z
9,114060,4670,Chinook salmon,582,Late fall,Hatchery,Not recorded,103,1,2017-10-19T11:30:40Z,2017-10-19T11:30:40Z,Continue trapping,Knights Landing RST,8.4,Elastomer,Green,Nose,NA,2017-10-18T10:30:19Z,2017-10-19T11:30:40Z
9,114060,4670,Chinook salmon,582,Late fall,Hatchery,Not recorded,103,1,2017-10-19T11:30:40Z,2017-10-19T11:30:40Z,Continue trapping,Knights Landing RST,8.4,Fin clip,Not applicable (n/a),Adipose fin,NA,2017-10-18T10:30:19Z,2017-10-19T11:30:40Z
9,114583,4760,Chinook salmon,583,Late fall,Hatchery,Silvery parr,95,1,2017-12-01T10:30:19Z,2017-12-01T10:30:19Z,Continue trapping,Knights Landing RST,8.4,Elastomer,Purple / Violet,Nose,NA,2017-11-30T11:15:12Z,2017-12-01T10:30:19Z
9,114583,4760,Chinook salmon,583,Late fall,Hatchery,Silvery parr,95,1,2017-12-01T10:30:19Z,2017-12-01T10:30:19Z,Continue trapping,Knights Landing RST,8.4,Fin clip,Not applicable (n/a),Adipose fin,NA,2017-11-30T11:15:12Z,2017-12-01T10:30:19Z
9,141570,6681,Chinook salmon,601,Spring,Hatchery,Silvery parr,74,1,2021-03-31T11:00:49Z,2021-03-31T11:00:49Z,Continue trapping,Knights Landing RST,8.4,Pigment / dye,Brown,Whole body,NA,2021-03-30T12:30:54Z,2021-03-31T11:00:49Z
9,152127,7182,Chinook salmon,605,Fall,Not recorded,Silvery parr,63,1,2022-03-26T09:45:44Z,2022-03-26T09:45:44Z,Continue trapping,Knights Landing RST,8.3,Elastomer,Pink,Nose,NA,2022-03-25T10:00:12Z,2022-03-26T09:45:44Z
9,152128,7195,Chinook salmon,606,Fall,Not recorded,Parr,62,1,2022-04-01T10:15:03Z,2022-04-01T10:15:03Z,Continue trapping,Knights Landing RST,8.4,Elastomer,Pink,Nose,NA,2022-03-31T10:30:35Z,2022-04-01T10:15:03Z
9,152129,7034,Chinook salmon,608,NA,Natural,Fry,NA,2,2021-12-22T10:00:00Z,2021-12-22T10:00:00Z,Continue trapping,Knights Landing RST,8.3,Pigment / dye,Not recorded,Whole body,NA,2021-12-21T11:30:36Z,2021-12-22T10:00:00Z
9,152130,7051,Chinook salmon,609,NA,Natural,Parr,NA,1,2021-12-31T10:15:05Z,2021-12-31T10:15:05Z,Unplanned restart,Knights Landing RST,8.4,Pigment / dye,Not recorded,Whole body,NA,2021-12-30T09:30:43Z,2021-12-31T10:15:05Z
9,160190,7679,Chinook salmon,616,Fall,Natural,Parr,63,1,2023-04-14T09:45:32Z,2023-04-14T09:45:32Z,Unplanned restart,Knights Landing RST,8.3,Pigment / dye,Brown,Whole body,NA,2023-04-13T10:45:12Z,2023-04-14T09:45:32Z
9,160272,7680,Chinook salmon,616,Fall,Hatchery,Parr,68,1,2023-04-14T09:30:40Z,2023-04-14T09:30:40Z,Continue trapping,Knights Landing RST,8.4,Pigment / dye,Brown,Whole body,NA,2023-04-13T10:30:03Z,2023-04-14T09:30:40Z
9,160273,7680,Chinook salmon,616,Fall,Hatchery,Parr,61,1,2023-04-14T09:30:40Z,2023-04-14T09:30:40Z,Continue trapping,Knights Landing RST,8.4,Pigment / dye,Brown,Whole body,NA,2023-04-13T10:30:03Z,2023-04-14T09:30:40Z
9,160274,7680,Chinook salmon,616,Fall,Hatchery,Parr,67,1,2023-04-14T09:30:40Z,2023-04-14T09:30:40Z,Continue trapping,Knights Landing RST,8.4,Pigment / dye,Brown,Whole body,NA,2023-04-13T10:30:03Z,2023-04-14T09:30:40Z
9,160506,7706,Chinook salmon,614,Fall,Natural,Parr,66,1,2023-04-27T10:45:43Z,2023-04-27T10:45:43Z,Unplanned restart,Knights Landing RST,8.4,Pigment / dye,Brown,Whole body,NA,2023-04-26T11:00:18Z,2023-04-27T10:45:43Z
